"itemID","itemName","itemImage"
1,"Vell's Concentrated Magic","https://bdocodex.com/items/new_icon/03_etc/04_dropitem/00044335.png"
1,"Abyssal Brass Ingot","https://bdocodex.com/items/new_icon/03_etc/07_productmaterial/00009746.png"
1,"Blue Whale Molar","https://bdocodex.com/items/new_icon/03_etc/07_productmaterial/00009728.png"
1,"Emergency Ship Repair Kit","https://bdocodex.com/items/new_icon/03_etc/07_productmaterial/00004689.png"
1,"Ferocious Leather","https://bdocodex.com/items/new_icon/03_etc/07_productmaterial/00009747.png"
1,"Forest Fury","https://bdocodex.com/items/new_icon/03_etc/07_productmaterial/00004917.png"
1,"Fugitive Khalk's Shiny Claw","https://bdocodex.com/items/new_icon/03_etc/07_productmaterial/00009737.png"
1,"Garmoth's Heart","https://bdocodex.com/items/new_icon/03_etc/04_dropitem/00044362.png"
1,"Garmoth's Scale","https://bdocodex.com/items/new_icon/03_etc/07_productmaterial/00009768.png"
1,"Intact Griffon's Beak","https://bdocodex.com/items/new_icon/03_etc/07_productmaterial/00009773.png"
1,"Mystical Cleaning Oil","https://bdocodex.com/items/new_icon/03_etc/07_productmaterial/00009748.png"
1,"Unidentifiable Fish","https://bdocodex.com/items/new_icon/03_etc/07_productmaterial/00007951.png"
1,"Whale Meat","https://bdocodex.com/items/new_icon/03_etc/07_productmaterial/00007951.png"
1,"Alchemy Stone Shard","https://bdocodex.com/items/new_icon/03_etc/04_dropitem/00044336.png"
1,"Blue Whale Bone","https://bdocodex.com/items/new_icon/03_etc/07_productmaterial/00009730.png"
1,"Blue Whale Oil","https://bdocodex.com/items/new_icon/03_etc/07_productmaterial/00009727.png"
1,"Coral Crystal","https://bdocodex.com/items/new_icon/03_etc/07_productmaterial/00006533.png"
1,"Dragon Scale Fossil","https://bdocodex.com/items/new_icon/03_etc/04_dropitem/00044364.png"
1,"Fugitive Khalk's Horn","https://bdocodex.com/items/new_icon/03_etc/07_productmaterial/00009735.png"
1,"Fugitive Khalk's Skin","https://bdocodex.com/items/new_icon/03_etc/07_productmaterial/00009736.png"
1,"Golden Pearl","https://bdocodex.com/items/new_icon/03_etc/07_productmaterial/00006527.png"
1,"Ship Repair Kit","https://bdocodex.com/items/new_icon/03_etc/07_productmaterial/00004689.png"
1,"Special Acacia Seed","https://bdocodex.com/items/new_icon/03_etc/07_productmaterial/00007000.png"
1,"Special Amanita Mushroom","https://bdocodex.com/items/new_icon/03_etc/07_productmaterial/00005419.png"
1,"Special Amanita Mushroom Hypha","https://bdocodex.com/items/new_icon/03_etc/07_productmaterial/00006919.png"
1,"Special Ancient Mushroom","https://bdocodex.com/items/new_icon/03_etc/07_productmaterial/00005418.png"
1,"Special Ancient Mushroom Hypha","https://bdocodex.com/items/new_icon/03_etc/07_productmaterial/00006918.png"
1,"Special Arrow Mushroom","https://bdocodex.com/items/new_icon/03_etc/07_productmaterial/00005408.png"
1,"Special Arrow Mushroom Hypha","https://bdocodex.com/items/new_icon/03_etc/07_productmaterial/00006908.png"
1,"Special Barley","https://bdocodex.com/items/new_icon/03_etc/07_productmaterial/00007002.png"
1,"Special Barley Seed","https://bdocodex.com/items/new_icon/03_etc/07_productmaterial/00006807.png"
1,"Special Bluffer Mushroom","https://bdocodex.com/items/new_icon/03_etc/07_productmaterial/00005417.png"
1,"Special Bluffer Mushroom Hypha","https://bdocodex.com/items/new_icon/03_etc/07_productmaterial/00006917.png"
1,"Special Bouquet Mushroom","https://bdocodex.com/items/new_icon/03_etc/07_productmaterial/00005489.png"
1,"Special Bouquet Mushroom Hypha","https://bdocodex.com/items/new_icon/03_etc/07_productmaterial/00006927.png"
1,"Special Carrot Seed","https://bdocodex.com/items/new_icon/03_etc/07_productmaterial/00006707.png"
1,"Special Chicken Feed","https://bdocodex.com/items/new_icon/03_etc/07_productmaterial/00007028.png"
1,"Special Cloud Mushroom","https://bdocodex.com/items/new_icon/03_etc/07_productmaterial/00005410.png"
1,"Special Cloud Mushroom Hypha","https://bdocodex.com/items/new_icon/03_etc/07_productmaterial/00006910.png"
1,"Special Corn","https://bdocodex.com/items/new_icon/03_etc/07_productmaterial/00007005.png"
1,"Special Corn Seed","https://bdocodex.com/items/new_icon/03_etc/07_productmaterial/00006809.png"
1,"Special Dalvenia Alrea","https://bdocodex.com/items/new_icon/03_etc/07_productmaterial/00005486.png"
1,"Special Dalvenia Alrea Seed","https://bdocodex.com/items/new_icon/03_etc/07_productmaterial/00006926.png"
1,"Special Dry Mane Grass","https://bdocodex.com/items/new_icon/03_etc/07_productmaterial/00005404.png"
1,"Special Dry Mane Grass Seed","https://bdocodex.com/items/new_icon/03_etc/07_productmaterial/00006904.png"
1,"Special Dwarf Mushroom","https://bdocodex.com/items/new_icon/03_etc/07_productmaterial/00005409.png"
1,"Special Dwarf Mushroom Hypha","https://bdocodex.com/items/new_icon/03_etc/07_productmaterial/00006909.png"
1,"Special Emperor Mushroom","https://bdocodex.com/items/new_icon/03_etc/07_productmaterial/00005413.png"
1,"Special Emperor Mushroom Hypha","https://bdocodex.com/items/new_icon/03_etc/07_productmaterial/00006913.png"
1,"Special Fig","https://bdocodex.com/items/new_icon/03_etc/07_productmaterial/00007018.png"
1,"Special Fig Seed","https://bdocodex.com/items/new_icon/03_etc/07_productmaterial/00006831.png"
1,"Special Fire Flake Flower","https://bdocodex.com/items/new_icon/03_etc/07_productmaterial/00005403.png"
1,"Special Fire Flake Flower Seed","https://bdocodex.com/items/new_icon/03_etc/07_productmaterial/00006903.png"
1,"Special Fog Mushroom","https://bdocodex.com/items/new_icon/03_etc/07_productmaterial/00005415.png"
1,"Special Fog Mushroom Hypha","https://bdocodex.com/items/new_icon/03_etc/07_productmaterial/00006915.png"
1,"Special Fortune Teller Mushroom","https://bdocodex.com/items/new_icon/03_etc/07_productmaterial/00005407.png"
1,"Special Fortune Teller Mushroom Hypha","https://bdocodex.com/items/new_icon/03_etc/07_productmaterial/00006907.png"
1,"Special Freekeh","https://bdocodex.com/items/new_icon/03_etc/07_productmaterial/00007021.png"
1,"Special Freekeh Seed","https://bdocodex.com/items/new_icon/03_etc/07_productmaterial/00006834.png"
1,"Special Garlic","https://bdocodex.com/items/new_icon/03_etc/07_productmaterial/00007302.png"
1,"Special Garlic Seed","https://bdocodex.com/items/new_icon/03_etc/07_productmaterial/00006702.png"
1,"Special Ghost Mushroom","https://bdocodex.com/items/new_icon/03_etc/07_productmaterial/00005414.png"
1,"Special Ghost Mushroom Hypha","https://bdocodex.com/items/new_icon/03_etc/07_productmaterial/00006914.png"
1,"Special Grape","https://bdocodex.com/items/new_icon/03_etc/07_productmaterial/00007307.png"
1,"Special Grape Seed","https://bdocodex.com/items/new_icon/03_etc/07_productmaterial/00006801.png"
1,"Special Haystack","https://bdocodex.com/items/new_icon/03_etc/07_productmaterial/00007023.png"
1,"Special Hot Pepper","https://bdocodex.com/items/new_icon/03_etc/07_productmaterial/00007305.png"
1,"Special Hot Pepper Seed","https://bdocodex.com/items/new_icon/03_etc/07_productmaterial/00006705.png"
1,"Special Hump Mushroom","https://bdocodex.com/items/new_icon/03_etc/07_productmaterial/00005416.png"
1,"Special Hump Mushroom Hypha","https://bdocodex.com/items/new_icon/03_etc/07_productmaterial/00006916.png"
1,"Special Leccinum","https://bdocodex.com/items/new_icon/03_etc/07_productmaterial/00005490.png"
1,"Special Leccinum Hypha","https://bdocodex.com/items/new_icon/03_etc/07_productmaterial/00006928.png"
1,"Special Nolina","https://bdocodex.com/items/new_icon/03_etc/07_productmaterial/00005484.png"
1,"Special Nolina Seed","https://bdocodex.com/items/new_icon/03_etc/07_productmaterial/00006924.png"
1,"Special Nutmeg","https://bdocodex.com/items/new_icon/03_etc/07_productmaterial/00007020.png"
1,"Special Nutmeg Seed","https://bdocodex.com/items/new_icon/03_etc/07_productmaterial/00006833.png"
1,"Special Olive","https://bdocodex.com/items/new_icon/03_etc/07_productmaterial/00007309.png"
1,"Special Olive Seed","https://bdocodex.com/items/new_icon/03_etc/07_productmaterial/00006803.png"
1,"Special Onion","https://bdocodex.com/items/new_icon/03_etc/07_productmaterial/00007303.png"
1,"Special Onion Seed","https://bdocodex.com/items/new_icon/03_etc/07_productmaterial/00006703.png"
1,"Special Paprika","https://bdocodex.com/items/new_icon/03_etc/07_productmaterial/00007312.png"
1,"Special Paprika Seed","https://bdocodex.com/items/new_icon/03_etc/07_productmaterial/00006805.png"
1,"Special Penestraria","https://bdocodex.com/items/new_icon/03_etc/07_productmaterial/00005485.png"
1,"Special Penestraria Seed","https://bdocodex.com/items/new_icon/03_etc/07_productmaterial/00006925.png"
1,"Special Pepper","https://bdocodex.com/items/new_icon/03_etc/07_productmaterial/00007301.png"
1,"Special Pepper Seed","https://bdocodex.com/items/new_icon/03_etc/07_productmaterial/00006701.png"
1,"Special Pie Mushroom","https://bdocodex.com/items/new_icon/03_etc/07_productmaterial/00005492.png"
1,"Special Pie Mushroom Hypha","https://bdocodex.com/items/new_icon/03_etc/07_productmaterial/00006930.png"
1,"Special Potato","https://bdocodex.com/items/new_icon/03_etc/07_productmaterial/00007003.png"
1,"Special Pumpkin","https://bdocodex.com/items/new_icon/03_etc/07_productmaterial/00007306.png"
1,"Special Pumpkin Seed","https://bdocodex.com/items/new_icon/03_etc/07_productmaterial/00006706.png"
1,"Special Purple Mushroom","https://bdocodex.com/items/new_icon/03_etc/07_productmaterial/00005491.png"
1,"Special Purple Mushroom Hypha","https://bdocodex.com/items/new_icon/03_etc/07_productmaterial/00006929.png"
1,"Special Seed Potato","https://bdocodex.com/items/new_icon/03_etc/07_productmaterial/00006806.png"
1,"Special Seed Sweet Potato","https://bdocodex.com/items/new_icon/03_etc/07_productmaterial/00006810.png"
1,"Special Silk Honey Grass","https://bdocodex.com/items/new_icon/03_etc/07_productmaterial/00005405.png"
1,"Special Silk Honey Grass Seed","https://bdocodex.com/items/new_icon/03_etc/07_productmaterial/00006905.png"
1,"Special Silver Azalea","https://bdocodex.com/items/new_icon/03_etc/07_productmaterial/00005402.png"
1,"Special Silver Azalea Seed","https://bdocodex.com/items/new_icon/03_etc/07_productmaterial/00006902.png"
1,"Special Sky Mushroom","https://bdocodex.com/items/new_icon/03_etc/07_productmaterial/00005411.png"
1,"Special Sky Mushroom Hypha","https://bdocodex.com/items/new_icon/03_etc/07_productmaterial/00006911.png"
1,"Special Star Anise","https://bdocodex.com/items/new_icon/03_etc/07_productmaterial/00007019.png"
1,"Special Star Anise Seed","https://bdocodex.com/items/new_icon/03_etc/07_productmaterial/00006832.png"
1,"Special Strawberry","https://bdocodex.com/items/new_icon/03_etc/07_productmaterial/00007304.png"
1,"Special Strawberry Seed","https://bdocodex.com/items/new_icon/03_etc/07_productmaterial/00006704.png"
1,"Special Sunflower","https://bdocodex.com/items/new_icon/03_etc/07_productmaterial/00007308.png"
1,"Special Sunflower Seed","https://bdocodex.com/items/new_icon/03_etc/07_productmaterial/00006802.png"
1,"Special Sunrise Herb","https://bdocodex.com/items/new_icon/03_etc/07_productmaterial/00005401.png"
1,"Special Sunrise Herb Seed","https://bdocodex.com/items/new_icon/03_etc/07_productmaterial/00006901.png"
1,"Special Sweet Potato","https://bdocodex.com/items/new_icon/03_etc/07_productmaterial/00007004.png"
1,"Special Teff","https://bdocodex.com/items/new_icon/03_etc/07_productmaterial/00007022.png"
1,"Special Teff Seed","https://bdocodex.com/items/new_icon/03_etc/07_productmaterial/00006835.png"
1,"Special Tiger Mushroom","https://bdocodex.com/items/new_icon/03_etc/07_productmaterial/00005412.png"
1,"Special Tiger Mushroom Hypha","https://bdocodex.com/items/new_icon/03_etc/07_productmaterial/00006912.png"
1,"Special Tomato","https://bdocodex.com/items/new_icon/03_etc/07_productmaterial/00007311.png"
1,"Special Tomato Seed","https://bdocodex.com/items/new_icon/03_etc/07_productmaterial/00006804.png"
1,"Special Wheat","https://bdocodex.com/items/new_icon/03_etc/07_productmaterial/00007001.png"
1,"Special Wheat Seed","https://bdocodex.com/items/new_icon/03_etc/07_productmaterial/00006808.png"
1,"Top-Quality Cooking Honey","https://bdocodex.com/items/new_icon/03_etc/07_productmaterial/00007704.png"
1,"Tridana Giant Clam Shellfish","https://bdocodex.com/items/new_icon/03_etc/07_productmaterial/00006535.png"
1,"Vell's Fine Powder","https://bdocodex.com/items/new_icon/03_etc/04_dropitem/00044332.png"
1,"Warm Seed","https://bdocodex.com/items/new_icon/03_etc/07_productmaterial/00006941.png"
1,"Blue Whale Meat","https://bdocodex.com/items/new_icon/03_etc/07_productmaterial/00009726.png"
1,"Blue Whale Tendon","https://bdocodex.com/items/new_icon/03_etc/07_productmaterial/00009729.png"
1,"Crocodile Meat","https://bdocodex.com/items/new_icon/03_etc/07_productmaterial/00009732.png"
1,"Good Chicken Feed","https://bdocodex.com/items/new_icon/03_etc/07_productmaterial/00007028.png"
1,"High-Quality Acacia Seed","https://bdocodex.com/items/new_icon/03_etc/07_productmaterial/00007000.png"
1,"High-Quality Amanita Mushroom","https://bdocodex.com/items/new_icon/03_etc/07_productmaterial/00005419.png"
1,"High-Quality Amanita Mushroom Hypha","https://bdocodex.com/items/new_icon/03_etc/07_productmaterial/00006919.png"
1,"High-Quality Ancient Mushroom","https://bdocodex.com/items/new_icon/03_etc/07_productmaterial/00005418.png"
1,"High-Quality Ancient Mushroom Hypha","https://bdocodex.com/items/new_icon/03_etc/07_productmaterial/00006918.png"
1,"High-Quality Arrow Mushroom","https://bdocodex.com/items/new_icon/03_etc/07_productmaterial/00005408.png"
1,"High-Quality Arrow Mushroom Hypha","https://bdocodex.com/items/new_icon/03_etc/07_productmaterial/00006908.png"
1,"High-Quality Barley","https://bdocodex.com/items/new_icon/03_etc/07_productmaterial/00007002.png"
1,"High-Quality Barley Seed","https://bdocodex.com/items/new_icon/03_etc/07_productmaterial/00006807.png"
1,"High-Quality Bluffer Mushroom","https://bdocodex.com/items/new_icon/03_etc/07_productmaterial/00005417.png"
1,"High-Quality Bluffer Mushroom Hypha","https://bdocodex.com/items/new_icon/03_etc/07_productmaterial/00006917.png"
1,"High-Quality Bouquet Mushroom","https://bdocodex.com/items/new_icon/03_etc/07_productmaterial/00005489.png"
1,"High-Quality Bouquet Mushroom Hypha","https://bdocodex.com/items/new_icon/03_etc/07_productmaterial/00006927.png"
1,"High-Quality Carrot Seed","https://bdocodex.com/items/new_icon/03_etc/07_productmaterial/00006707.png"
1,"High-Quality Cloud Mushroom","https://bdocodex.com/items/new_icon/03_etc/07_productmaterial/00005410.png"
1,"High-Quality Cloud Mushroom Hypha","https://bdocodex.com/items/new_icon/03_etc/07_productmaterial/00006910.png"
1,"High-Quality Cooking Honey","https://bdocodex.com/items/new_icon/03_etc/07_productmaterial/00007703.png"
1,"High-Quality Corn","https://bdocodex.com/items/new_icon/03_etc/07_productmaterial/00007005.png"
1,"High-Quality Corn Seed","https://bdocodex.com/items/new_icon/03_etc/07_productmaterial/00006809.png"
1,"High-Quality Dalvenia Alrea","https://bdocodex.com/items/new_icon/03_etc/07_productmaterial/00005486.png"
1,"High-Quality Dalvenia Alrea Seed","https://bdocodex.com/items/new_icon/03_etc/07_productmaterial/00006926.png"
1,"High-Quality Dry Mane Grass","https://bdocodex.com/items/new_icon/03_etc/07_productmaterial/00005404.png"
1,"High-Quality Dry Mane Grass Seed","https://bdocodex.com/items/new_icon/03_etc/07_productmaterial/00006904.png"
1,"High-Quality Dwarf Mushroom","https://bdocodex.com/items/new_icon/03_etc/07_productmaterial/00005409.png"
1,"High-Quality Dwarf Mushroom Hypha","https://bdocodex.com/items/new_icon/03_etc/07_productmaterial/00006909.png"
1,"High-Quality Emperor Mushroom","https://bdocodex.com/items/new_icon/03_etc/07_productmaterial/00005413.png"
1,"High-Quality Emperor Mushroom Hypha","https://bdocodex.com/items/new_icon/03_etc/07_productmaterial/00006913.png"
1,"High-Quality Fig","https://bdocodex.com/items/new_icon/03_etc/07_productmaterial/00007018.png"
1,"High-Quality Fig Seed","https://bdocodex.com/items/new_icon/03_etc/07_productmaterial/00006831.png"
1,"High-Quality Fire Flake Flower","https://bdocodex.com/items/new_icon/03_etc/07_productmaterial/00005403.png"
1,"High-Quality Fire Flake Flower Seed","https://bdocodex.com/items/new_icon/03_etc/07_productmaterial/00006903.png"
1,"High-Quality Fog Mushroom","https://bdocodex.com/items/new_icon/03_etc/07_productmaterial/00005415.png"
1,"High-Quality Fog Mushroom Hypha","https://bdocodex.com/items/new_icon/03_etc/07_productmaterial/00006915.png"
1,"High-Quality Fortune Teller Mushroom","https://bdocodex.com/items/new_icon/03_etc/07_productmaterial/00005407.png"
1,"High-Quality Fortune Teller Mushroom Hypha","https://bdocodex.com/items/new_icon/03_etc/07_productmaterial/00006907.png"
1,"High-Quality Freekeh","https://bdocodex.com/items/new_icon/03_etc/07_productmaterial/00007021.png"
1,"High-Quality Freekeh Seed","https://bdocodex.com/items/new_icon/03_etc/07_productmaterial/00006834.png"
1,"High-Quality Garlic","https://bdocodex.com/items/new_icon/03_etc/07_productmaterial/00007302.png"
1,"High-Quality Garlic Seed","https://bdocodex.com/items/new_icon/03_etc/07_productmaterial/00006702.png"
1,"High-Quality Ghost Mushroom","https://bdocodex.com/items/new_icon/03_etc/07_productmaterial/00005414.png"
1,"High-Quality Ghost Mushroom Hypha","https://bdocodex.com/items/new_icon/03_etc/07_productmaterial/00006914.png"
1,"High-Quality Grape","https://bdocodex.com/items/new_icon/03_etc/07_productmaterial/00007307.png"
1,"High-Quality Grape Seed","https://bdocodex.com/items/new_icon/03_etc/07_productmaterial/00006801.png"
1,"High-Quality Haystack","https://bdocodex.com/items/new_icon/03_etc/07_productmaterial/00007023.png"
1,"High-Quality Hot Pepper","https://bdocodex.com/items/new_icon/03_etc/07_productmaterial/00007305.png"
1,"High-Quality Hot Pepper Seed","https://bdocodex.com/items/new_icon/03_etc/07_productmaterial/00006705.png"
1,"High-Quality Hump Mushroom","https://bdocodex.com/items/new_icon/03_etc/07_productmaterial/00005416.png"
1,"High-Quality Hump Mushroom Hypha","https://bdocodex.com/items/new_icon/03_etc/07_productmaterial/00006916.png"
1,"High-Quality Leccinum","https://bdocodex.com/items/new_icon/03_etc/07_productmaterial/00005490.png"
1,"High-Quality Leccinum Mushroom Hypha","https://bdocodex.com/items/new_icon/03_etc/07_productmaterial/00006928.png"
1,"High-Quality Nolina","https://bdocodex.com/items/new_icon/03_etc/07_productmaterial/00005484.png"
1,"High-Quality Nolina Seed","https://bdocodex.com/items/new_icon/03_etc/07_productmaterial/00006924.png"
1,"High-Quality Nutmeg","https://bdocodex.com/items/new_icon/03_etc/07_productmaterial/00007020.png"
1,"High-Quality Nutmeg Seed","https://bdocodex.com/items/new_icon/03_etc/07_productmaterial/00006833.png"
1,"High-Quality Olive","https://bdocodex.com/items/new_icon/03_etc/07_productmaterial/00007309.png"
1,"High-Quality Olive Seed","https://bdocodex.com/items/new_icon/03_etc/07_productmaterial/00006803.png"
1,"High-Quality Onion","https://bdocodex.com/items/new_icon/03_etc/07_productmaterial/00007303.png"
1,"High-Quality Onion Seed","https://bdocodex.com/items/new_icon/03_etc/07_productmaterial/00006703.png"
1,"High-Quality Paprika","https://bdocodex.com/items/new_icon/03_etc/07_productmaterial/00007312.png"
1,"High-Quality Paprika Seed","https://bdocodex.com/items/new_icon/03_etc/07_productmaterial/00006805.png"
1,"High-Quality Penestraria","https://bdocodex.com/items/new_icon/03_etc/07_productmaterial/00005485.png"
1,"High-Quality Penestraria Seed","https://bdocodex.com/items/new_icon/03_etc/07_productmaterial/00006925.png"
1,"High-Quality Pepper","https://bdocodex.com/items/new_icon/03_etc/07_productmaterial/00007301.png"
1,"High-Quality Pepper Seed","https://bdocodex.com/items/new_icon/03_etc/07_productmaterial/00006701.png"
1,"High-Quality Pie Mushroom","https://bdocodex.com/items/new_icon/03_etc/07_productmaterial/00005492.png"
1,"High-Quality Pie Mushroom Hypha","https://bdocodex.com/items/new_icon/03_etc/07_productmaterial/00006930.png"
1,"High-Quality Potato","https://bdocodex.com/items/new_icon/03_etc/07_productmaterial/00007003.png"
1,"High-Quality Pumpkin","https://bdocodex.com/items/new_icon/03_etc/07_productmaterial/00007306.png"
1,"High-Quality Pumpkin Seed","https://bdocodex.com/items/new_icon/03_etc/07_productmaterial/00006706.png"
1,"High-Quality Purple Mushroom","https://bdocodex.com/items/new_icon/03_etc/07_productmaterial/00005491.png"
1,"High-Quality Purple Mushroom Hypha","https://bdocodex.com/items/new_icon/03_etc/07_productmaterial/00006929.png"
1,"High-Quality Seed Potato","https://bdocodex.com/items/new_icon/03_etc/07_productmaterial/00006806.png"
1,"High-Quality Seed Sweet Potato","https://bdocodex.com/items/new_icon/03_etc/07_productmaterial/00006810.png"
1,"High-Quality Silk Honey Grass","https://bdocodex.com/items/new_icon/03_etc/07_productmaterial/00005405.png"
1,"High-Quality Silk Honey Grass Seed","https://bdocodex.com/items/new_icon/03_etc/07_productmaterial/00006905.png"
1,"High-Quality Silver Azalea","https://bdocodex.com/items/new_icon/03_etc/07_productmaterial/00005402.png"
1,"High-Quality Silver Azalea Seed","https://bdocodex.com/items/new_icon/03_etc/07_productmaterial/00006902.png"
1,"High-Quality Sky Mushroom","https://bdocodex.com/items/new_icon/03_etc/07_productmaterial/00005411.png"
1,"High-Quality Sky Mushroom Hypha","https://bdocodex.com/items/new_icon/03_etc/07_productmaterial/00006911.png"
1,"High-Quality Star Anise","https://bdocodex.com/items/new_icon/03_etc/07_productmaterial/00007019.png"
1,"High-Quality Star Anise Seed","https://bdocodex.com/items/new_icon/03_etc/07_productmaterial/00006832.png"
1,"High-Quality Strawberry","https://bdocodex.com/items/new_icon/03_etc/07_productmaterial/00007304.png"
1,"High-Quality Strawberry Seed","https://bdocodex.com/items/new_icon/03_etc/07_productmaterial/00006704.png"
1,"High-Quality Sunflower","https://bdocodex.com/items/new_icon/03_etc/07_productmaterial/00007308.png"
1,"High-Quality Sunflower Seed","https://bdocodex.com/items/new_icon/03_etc/07_productmaterial/00006802.png"
1,"High-Quality Sunrise Herb","https://bdocodex.com/items/new_icon/03_etc/07_productmaterial/00005401.png"
1,"High-Quality Sunrise Herb Seed","https://bdocodex.com/items/new_icon/03_etc/07_productmaterial/00006901.png"
1,"High-Quality Sweet Potato","https://bdocodex.com/items/new_icon/03_etc/07_productmaterial/00007004.png"
1,"High-Quality Teff","https://bdocodex.com/items/new_icon/03_etc/07_productmaterial/00007022.png"
1,"High-Quality Teff Seed","https://bdocodex.com/items/new_icon/03_etc/07_productmaterial/00006835.png"
1,"High-Quality Tiger Mushroom","https://bdocodex.com/items/new_icon/03_etc/07_productmaterial/00005412.png"
1,"High-Quality Tiger Mushroom Hypha","https://bdocodex.com/items/new_icon/03_etc/07_productmaterial/00006912.png"
1,"High-Quality Tomato","https://bdocodex.com/items/new_icon/03_etc/07_productmaterial/00007311.png"
1,"High-Quality Tomato Seed","https://bdocodex.com/items/new_icon/03_etc/07_productmaterial/00006804.png"
1,"High-Quality Wheat","https://bdocodex.com/items/new_icon/03_etc/07_productmaterial/00007001.png"
1,"High-Quality Wheat Seed","https://bdocodex.com/items/new_icon/03_etc/07_productmaterial/00006808.png"
1,"Ship Repair Material","https://bdocodex.com/items/new_icon/03_etc/07_productmaterial/00004688.png"
1,"Soft Whale Meat","https://bdocodex.com/items/new_icon/03_etc/07_productmaterial/00009731.png"
1,"Acacia Plank","https://bdocodex.com/items/new_icon/03_etc/07_productmaterial/00004680.png"
1,"Acacia Plywood","https://bdocodex.com/items/new_icon/03_etc/07_productmaterial/00004681.png"
1,"Acacia Sap","https://bdocodex.com/items/new_icon/03_etc/07_productmaterial/00005013.png"
1,"Acacia Seed","https://bdocodex.com/items/new_icon/03_etc/07_productmaterial/00007000.png"
1,"Acacia Timber","https://bdocodex.com/items/new_icon/03_etc/07_productmaterial/00004609.png"
1,"Alluvial Gold","https://bdocodex.com/items/new_icon/03_etc/07_productmaterial/00004902.png"
1,"Aloe","https://bdocodex.com/items/new_icon/03_etc/07_productmaterial/00007347.png"
1,"Amanita Mushroom","https://bdocodex.com/items/new_icon/03_etc/07_productmaterial/00005419.png"
1,"Amanita Mushroom Hypha","https://bdocodex.com/items/new_icon/03_etc/07_productmaterial/00006919.png"
1,"Ancient Mushroom","https://bdocodex.com/items/new_icon/03_etc/07_productmaterial/00005418.png"
1,"Ancient Mushroom Hypha","https://bdocodex.com/items/new_icon/03_etc/07_productmaterial/00006918.png"
1,"Apple","https://bdocodex.com/items/new_icon/03_etc/07_productmaterial/00007313.png"
1,"Arrow Mushroom","https://bdocodex.com/items/new_icon/03_etc/07_productmaterial/00005408.png"
1,"Arrow Mushroom Hypha","https://bdocodex.com/items/new_icon/03_etc/07_productmaterial/00006908.png"
1,"Ash Plank","https://bdocodex.com/items/new_icon/03_etc/07_productmaterial/00004651.png"
1,"Ash Plywood","https://bdocodex.com/items/new_icon/03_etc/07_productmaterial/00004652.png"
1,"Ash Sap","https://bdocodex.com/items/new_icon/03_etc/07_productmaterial/00005001.png"
1,"Ash Timber","https://bdocodex.com/items/new_icon/03_etc/07_productmaterial/00004601.png"
1,"Audria","https://bdocodex.com/items/new_icon/03_etc/07_productmaterial/00005528.png"
1,"Bag of Muddy Water","https://bdocodex.com/items/new_icon/03_etc/07_productmaterial/00006657.png"
1,"Banana","https://bdocodex.com/items/new_icon/03_etc/07_productmaterial/00007316.png"
1,"Barley","https://bdocodex.com/items/new_icon/03_etc/07_productmaterial/00007002.png"
1,"Barley Dough","https://bdocodex.com/items/new_icon/03_etc/07_productmaterial/00007202.png"
1,"Barley Flour","https://bdocodex.com/items/new_icon/03_etc/07_productmaterial/00007102.png"
1,"Barley Seed","https://bdocodex.com/items/new_icon/03_etc/07_productmaterial/00006807.png"
1,"Bat Blood","https://bdocodex.com/items/new_icon/03_etc/07_productmaterial/00006219.png"
1,"Bear Blood","https://bdocodex.com/items/new_icon/03_etc/07_productmaterial/00006213.png"
1,"Bear Hide","https://bdocodex.com/items/new_icon/03_etc/07_productmaterial/00006013.png"
1,"Bear Meat","https://bdocodex.com/items/new_icon/03_etc/07_productmaterial/00007912.png"
1,"Beef","https://bdocodex.com/items/new_icon/03_etc/07_productmaterial/00007906.png"
1,"Belladonna Elephant Hide","https://bdocodex.com/items/new_icon/03_etc/07_productmaterial/00006004.png"
1,"Big Amanita Mushroom","https://bdocodex.com/items/new_icon/03_etc/07_productmaterial/00005438.png"
1,"Big Ancient Mushroom","https://bdocodex.com/items/new_icon/03_etc/07_productmaterial/00005437.png"
1,"Big Arrow Mushroom","https://bdocodex.com/items/new_icon/03_etc/07_productmaterial/00005427.png"
1,"Big Bluffer Mushroom","https://bdocodex.com/items/new_icon/03_etc/07_productmaterial/00005436.png"
1,"Big Cloud Mushroom","https://bdocodex.com/items/new_icon/03_etc/07_productmaterial/00005429.png"
1,"Big Dwarf Mushroom","https://bdocodex.com/items/new_icon/03_etc/07_productmaterial/00005428.png"
1,"Big Emperor Mushroom","https://bdocodex.com/items/new_icon/03_etc/07_productmaterial/00005432.png"
1,"Big Fog Mushroom","https://bdocodex.com/items/new_icon/03_etc/07_productmaterial/00005434.png"
1,"Big Fortune Teller Mushroom","https://bdocodex.com/items/new_icon/03_etc/07_productmaterial/00005426.png"
1,"Big Ghost Mushroom","https://bdocodex.com/items/new_icon/03_etc/07_productmaterial/00005433.png"
1,"Big Hump Mushroom","https://bdocodex.com/items/new_icon/03_etc/07_productmaterial/00005435.png"
1,"Big Sky Mushroom","https://bdocodex.com/items/new_icon/03_etc/07_productmaterial/00005430.png"
1,"Big Tiger Mushroom","https://bdocodex.com/items/new_icon/03_etc/07_productmaterial/00005431.png"
1,"Birch Plank","https://bdocodex.com/items/new_icon/03_etc/07_productmaterial/00004660.png"
1,"Birch Plywood","https://bdocodex.com/items/new_icon/03_etc/07_productmaterial/00004661.png"
1,"Birch Sap","https://bdocodex.com/items/new_icon/03_etc/07_productmaterial/00005004.png"
1,"Birch Timber","https://bdocodex.com/items/new_icon/03_etc/07_productmaterial/00004604.png"
1,"Bird Meat","https://bdocodex.com/items/new_icon/03_etc/07_productmaterial/00007953.png"
1,"Black Crystal","https://bdocodex.com/items/new_icon/03_etc/07_productmaterial/00004470.png"
1,"Black Gold Ingot","https://bdocodex.com/items/new_icon/03_etc/07_productmaterial/00004267.png"
1,"Black Leopard Hide","https://bdocodex.com/items/new_icon/03_etc/07_productmaterial/00006022.png"
1,"Black Seed","https://bdocodex.com/items/new_icon/03_etc/07_productmaterial/00006950.png"
1,"Black Stone Powder","https://bdocodex.com/items/new_icon/03_etc/07_productmaterial/00004901.png"
1,"Blood Ruby","https://bdocodex.com/items/new_icon/03_etc/07_productmaterial/00004453.png"
1,"Bloody Tree Knot","https://bdocodex.com/items/new_icon/03_etc/07_productmaterial/00005005.png"
1,"Blue Coral","https://bdocodex.com/items/new_icon/03_etc/07_productmaterial/00004477.png"
1,"Blue Crystal","https://bdocodex.com/items/new_icon/03_etc/07_productmaterial/00004483.png"
1,"Blue Flower","https://bdocodex.com/items/new_icon/03_etc/07_productmaterial/00005527.png"
1,"Blue Umbrella Mushroom","https://bdocodex.com/items/new_icon/03_etc/07_productmaterial/00005516.png"
1,"Bluffer Mushroom","https://bdocodex.com/items/new_icon/03_etc/07_productmaterial/00005417.png"
1,"Bluffer Mushroom Hypha","https://bdocodex.com/items/new_icon/03_etc/07_productmaterial/00006917.png"
1,"Bottle of River Water","https://bdocodex.com/items/new_icon/03_etc/07_productmaterial/00006653.png"
1,"Bottle of Sea Water","https://bdocodex.com/items/new_icon/03_etc/07_productmaterial/00006652.png"
1,"Bouquet Mushroom","https://bdocodex.com/items/new_icon/03_etc/07_productmaterial/00005489.png"
1,"Bouquet Mushroom Hypha","https://bdocodex.com/items/new_icon/03_etc/07_productmaterial/00006927.png"
1,"Bracken","https://bdocodex.com/items/new_icon/03_etc/07_productmaterial/00005532.png"
1,"Brass Ingot","https://bdocodex.com/items/new_icon/03_etc/07_productmaterial/00004066.png"
1,"Breezy White Coral","https://bdocodex.com/items/new_icon/03_etc/07_productmaterial/00006526.png"
1,"Brilliant Opal","https://bdocodex.com/items/new_icon/03_etc/07_productmaterial/00004265.png"
1,"Bronze Ingot","https://bdocodex.com/items/new_icon/03_etc/07_productmaterial/00004067.png"
1,"Bumpy Seed","https://bdocodex.com/items/new_icon/03_etc/07_productmaterial/00006948.png"
1,"Bunch of Dry Mane Grass","https://bdocodex.com/items/new_icon/03_etc/07_productmaterial/00005424.png"
1,"Bunch of Fire Flake Flowers","https://bdocodex.com/items/new_icon/03_etc/07_productmaterial/00005423.png"
1,"Bunch of Silk Honey Grass","https://bdocodex.com/items/new_icon/03_etc/07_productmaterial/00005425.png"
1,"Bunch of Silver Azaleas","https://bdocodex.com/items/new_icon/03_etc/07_productmaterial/00005422.png"
1,"Butter","https://bdocodex.com/items/new_icon/03_etc/07_productmaterial/00009063.png"
1,"Byproduct Fertilizer","https://bdocodex.com/items/new_icon/06_pc_equipitem/00_common/00_etc/00016901.png"
1,"Cabbage","https://bdocodex.com/items/new_icon/03_etc/07_productmaterial/00007318.png"
1,"Cactus Rind","https://bdocodex.com/items/new_icon/03_etc/07_productmaterial/00004612.png"
1,"Cactus Sap","https://bdocodex.com/items/new_icon/03_etc/07_productmaterial/00005016.png"
1,"Cactus Thorn","https://bdocodex.com/items/new_icon/03_etc/07_productmaterial/00004683.png"
1,"Capturing Rope","https://bdocodex.com/items/new_icon/06_pc_equipitem/00_common/00_etc/00000212a.png"
1,"Carrot Seed","https://bdocodex.com/items/new_icon/03_etc/07_productmaterial/00006707.png"
1,"Cedar Plank","https://bdocodex.com/items/new_icon/03_etc/07_productmaterial/00004666.png"
1,"Cedar Plywood","https://bdocodex.com/items/new_icon/03_etc/07_productmaterial/00004667.png"
1,"Cedar Sap","https://bdocodex.com/items/new_icon/03_etc/07_productmaterial/00005010.png"
1,"Cedar Timber","https://bdocodex.com/items/new_icon/03_etc/07_productmaterial/00004607.png"
1,"Cheese","https://bdocodex.com/items/new_icon/03_etc/07_productmaterial/00009062.png"
1,"Cheetah Dragon Blood","https://bdocodex.com/items/new_icon/03_etc/07_productmaterial/00006216.png"
1,"Cheetah Dragon Hide","https://bdocodex.com/items/new_icon/03_etc/07_productmaterial/00006016.png"
1,"Cheetah Dragon Meat","https://bdocodex.com/items/new_icon/03_etc/07_productmaterial/00007915.png"
1,"Cherry","https://bdocodex.com/items/new_icon/03_etc/07_productmaterial/00007314.png"
1,"Chicken Feed","https://bdocodex.com/items/new_icon/03_etc/07_productmaterial/00007028.png"
1,"Chicken Meat","https://bdocodex.com/items/new_icon/03_etc/07_productmaterial/00007921.png"
1,"Cinnamon","https://bdocodex.com/items/new_icon/03_etc/07_productmaterial/00007348.png"
1,"Clear Liquid Reagent","https://bdocodex.com/items/new_icon/03_etc/07_productmaterial/00005301.png"
1,"Cloud Mushroom","https://bdocodex.com/items/new_icon/03_etc/07_productmaterial/00005410.png"
1,"Cloud Mushroom Hypha","https://bdocodex.com/items/new_icon/03_etc/07_productmaterial/00006910.png"
1,"Clown's Blood","https://bdocodex.com/items/new_icon/03_etc/07_productmaterial/00006353.png"
1,"Coal","https://bdocodex.com/items/new_icon/03_etc/07_productmaterial/00004007.png"
1,"Cobra Blood","https://bdocodex.com/items/new_icon/03_etc/07_productmaterial/00006222.png"
1,"Coconut","https://bdocodex.com/items/new_icon/03_etc/07_productmaterial/00007026.png"
1,"Contorted Seed","https://bdocodex.com/items/new_icon/03_etc/07_productmaterial/00006949.png"
1,"Cooking Honey","https://bdocodex.com/items/new_icon/03_etc/07_productmaterial/00007702.png"
1,"Copper Ingot","https://bdocodex.com/items/new_icon/03_etc/07_productmaterial/00004058.png"
1,"Copper Ore","https://bdocodex.com/items/new_icon/03_etc/07_productmaterial/00004003.png"
1,"Coral Piece","https://bdocodex.com/items/new_icon/03_etc/07_productmaterial/00006501.png"
1,"Corn","https://bdocodex.com/items/new_icon/03_etc/07_productmaterial/00007005.png"
1,"Corn Dough","https://bdocodex.com/items/new_icon/03_etc/07_productmaterial/00007205.png"
1,"Corn Flour","https://bdocodex.com/items/new_icon/03_etc/07_productmaterial/00007105.png"
1,"Corn Seed","https://bdocodex.com/items/new_icon/03_etc/07_productmaterial/00006809.png"
1,"Cotton","https://bdocodex.com/items/new_icon/03_etc/07_productmaterial/00005801.png"
1,"Cotton Fabric","https://bdocodex.com/items/new_icon/03_etc/07_productmaterial/00005855.png"
1,"Cotton Yarn","https://bdocodex.com/items/new_icon/03_etc/07_productmaterial/00005851.png"
1,"Cream","https://bdocodex.com/items/new_icon/03_etc/07_productmaterial/00009061.png"
1,"Crumbled Rock Powder","https://bdocodex.com/items/new_icon/03_etc/07_productmaterial/00004069.png"
1,"Dalvenia Alrea","https://bdocodex.com/items/new_icon/03_etc/07_productmaterial/00005486.png"
1,"Dalvenia Alrea Seed","https://bdocodex.com/items/new_icon/03_etc/07_productmaterial/00006926.png"
1,"Date Palm","https://bdocodex.com/items/new_icon/03_etc/07_productmaterial/00007016.png"
1,"Daybreak Blue Coral","https://bdocodex.com/items/new_icon/03_etc/07_productmaterial/00004479.png"
1,"Dead Tree Essence","https://bdocodex.com/items/new_icon/03_etc/07_productmaterial/00005019.png"
1,"Deep Sea Fruit","https://bdocodex.com/items/new_icon/03_etc/07_productmaterial/00005217.png"
1,"Deer Blood","https://bdocodex.com/items/new_icon/03_etc/07_productmaterial/00006201.png"
1,"Deer Hide","https://bdocodex.com/items/new_icon/03_etc/07_productmaterial/00006001.png"
1,"Deer Meat","https://bdocodex.com/items/new_icon/03_etc/07_productmaterial/00007901.png"
1,"Desert Herb","https://bdocodex.com/items/new_icon/03_etc/07_productmaterial/00005495.png"
1,"Diamond","https://bdocodex.com/items/new_icon/03_etc/07_productmaterial/00004463.png"
1,"Dinosaur Blood","https://bdocodex.com/items/new_icon/03_etc/07_productmaterial/00006207.png"
1,"Dinosaur Hide","https://bdocodex.com/items/new_icon/03_etc/07_productmaterial/00006007.png"
1,"Dinosaur Meat","https://bdocodex.com/items/new_icon/03_etc/07_productmaterial/00007907.png"
1,"Distilled Water","https://bdocodex.com/items/new_icon/03_etc/07_productmaterial/00006651.png"
1,"Dressing","https://bdocodex.com/items/new_icon/03_etc/07_productmaterial/00009006.png"
1,"Dried Amberjack","https://bdocodex.com/items/new_icon/03_etc/07_productmaterial/00008506.png"
1,"Dried Amur Goby","https://bdocodex.com/items/new_icon/03_etc/07_productmaterial/00008653.png"
1,"Dried Amur Ide","https://bdocodex.com/items/new_icon/03_etc/07_productmaterial/00008651.png"
1,"Dried Amur Minnow","https://bdocodex.com/items/new_icon/03_etc/07_productmaterial/00008526.png"
1,"Dried Angler","https://bdocodex.com/items/new_icon/03_etc/07_productmaterial/00008526.png"
1,"Dried Arowana","https://bdocodex.com/items/new_icon/03_etc/07_productmaterial/00008542.png"
1,"Dried Atka Mackerel","https://bdocodex.com/items/new_icon/03_etc/07_productmaterial/00008600.png"
1,"Dried Barbel Steed","https://bdocodex.com/items/new_icon/03_etc/07_productmaterial/00008589.png"
1,"Dried Bass","https://bdocodex.com/items/new_icon/03_etc/07_productmaterial/00008545.png"
1,"Dried Beltfish","https://bdocodex.com/items/new_icon/03_etc/07_productmaterial/00008503.png"
1,"Dried Bigeye","https://bdocodex.com/items/new_icon/03_etc/07_productmaterial/00008585.png"
1,"Dried Bitterling","https://bdocodex.com/items/new_icon/03_etc/07_productmaterial/00008553.png"
1,"Dried Black Shiner","https://bdocodex.com/items/new_icon/03_etc/07_productmaterial/00008657.png"
1,"Dried Blackfin Sweeper","https://bdocodex.com/items/new_icon/03_etc/07_productmaterial/00008575.png"
1,"Dried Bleeker","https://bdocodex.com/items/new_icon/03_etc/07_productmaterial/00008554.png"
1,"Dried Blue Tang","https://bdocodex.com/items/new_icon/03_etc/07_productmaterial/00008603.png"
1,"Dried Bluefish","https://bdocodex.com/items/new_icon/03_etc/07_productmaterial/00008573.png"
1,"Dried Bluegill","https://bdocodex.com/items/new_icon/03_etc/07_productmaterial/00008548.png"
1,"Dried Bubble Eye","https://bdocodex.com/items/new_icon/03_etc/07_productmaterial/00008591.png"
1,"Dried Burbot","https://bdocodex.com/items/new_icon/03_etc/07_productmaterial/00008658.png"
1,"Dried Butterflyfish","https://bdocodex.com/items/new_icon/03_etc/07_productmaterial/00008601.png"
1,"Dried Carp","https://bdocodex.com/items/new_icon/03_etc/07_productmaterial/00008516.png"
1,"Dried Catfish","https://bdocodex.com/items/new_icon/03_etc/07_productmaterial/00008519.png"
1,"Dried Cero","https://bdocodex.com/items/new_icon/03_etc/07_productmaterial/00008556.png"
1,"Dried Checkerboard Wrasse","https://bdocodex.com/items/new_icon/03_etc/07_productmaterial/00008604.png"
1,"Dried Cherry Icefish","https://bdocodex.com/items/new_icon/03_etc/07_productmaterial/00008649.png"
1,"Dried Cherry Salmon","https://bdocodex.com/items/new_icon/03_etc/07_productmaterial/00008522.png"
1,"Dried Clownfish","https://bdocodex.com/items/new_icon/03_etc/07_productmaterial/00008602.png"
1,"Dried Common Minnow","https://bdocodex.com/items/new_icon/03_etc/07_productmaterial/00008538.png"
1,"Dried Crab","https://bdocodex.com/items/new_icon/03_etc/07_productmaterial/00008513.png"
1,"Dried Crawfish","https://bdocodex.com/items/new_icon/03_etc/07_productmaterial/00008546.png"
1,"Dried Croaker","https://bdocodex.com/items/new_icon/03_etc/07_productmaterial/00008558.png"
1,"Dried Crucian Carp","https://bdocodex.com/items/new_icon/03_etc/07_productmaterial/00008517.png"
1,"Dried Cuttlefish","https://bdocodex.com/items/new_icon/03_etc/07_productmaterial/00008601.png"
1,"Dried Cuvier","https://bdocodex.com/items/new_icon/03_etc/07_productmaterial/00008523.png"
1,"Dried Dace","https://bdocodex.com/items/new_icon/03_etc/07_productmaterial/00008547.png"
1,"Dried Diamond Minnow","https://bdocodex.com/items/new_icon/03_etc/07_productmaterial/00008507.png"
1,"Dried Dollarfish","https://bdocodex.com/items/new_icon/03_etc/07_productmaterial/00008604.png"
1,"Dried Dolphinfish","https://bdocodex.com/items/new_icon/03_etc/07_productmaterial/00008567.png"
1,"Dried Filefish","https://bdocodex.com/items/new_icon/03_etc/07_productmaterial/00008534.png"
1,"Dried Flatfish","https://bdocodex.com/items/new_icon/03_etc/07_productmaterial/00008560.png"
1,"Dried Flounder","https://bdocodex.com/items/new_icon/03_etc/07_productmaterial/00008504.png"
1,"Dried Flying Fish","https://bdocodex.com/items/new_icon/03_etc/07_productmaterial/00008529.png"
1,"Dried Fourfinger Threadfin","https://bdocodex.com/items/new_icon/03_etc/07_productmaterial/00008586.png"
1,"Dried Freshwater Eel","https://bdocodex.com/items/new_icon/03_etc/07_productmaterial/00008520.png"
1,"Dried Goby Minnow","https://bdocodex.com/items/new_icon/03_etc/07_productmaterial/00008552.png"
1,"Dried Golden-Thread","https://bdocodex.com/items/new_icon/03_etc/07_productmaterial/00008570.png"
1,"Dried Grass Carp","https://bdocodex.com/items/new_icon/03_etc/07_productmaterial/00008656.png"
1,"Dried Grayling","https://bdocodex.com/items/new_icon/03_etc/07_productmaterial/00008597.png"
1,"Dried Greenling","https://bdocodex.com/items/new_icon/03_etc/07_productmaterial/00008559.png"
1,"Dried Grouper","https://bdocodex.com/items/new_icon/03_etc/07_productmaterial/00008584.png"
1,"Dried Grunt","https://bdocodex.com/items/new_icon/03_etc/07_productmaterial/00008561.png"
1,"Dried Gunnel","https://bdocodex.com/items/new_icon/03_etc/07_productmaterial/00008569.png"
1,"Dried Gurnard","https://bdocodex.com/items/new_icon/03_etc/07_productmaterial/00008579.png"
1,"Dried Herring","https://bdocodex.com/items/new_icon/03_etc/07_productmaterial/00008562.png"
1,"Dried Horn Fish","https://bdocodex.com/items/new_icon/03_etc/07_productmaterial/00008603.png"
1,"Dried Jellyfish","https://bdocodex.com/items/new_icon/03_etc/07_productmaterial/00008514.png"
1,"Dried John Dory","https://bdocodex.com/items/new_icon/03_etc/07_productmaterial/00008581.png"
1,"Dried Korean Loach","https://bdocodex.com/items/new_icon/03_etc/07_productmaterial/00008647.png"
1,"Dried Kuhlia Marginata","https://bdocodex.com/items/new_icon/03_etc/07_productmaterial/00008599.png"
1,"Dried Leather Carp","https://bdocodex.com/items/new_icon/03_etc/07_productmaterial/00008587.png"
1,"Dried Lenok","https://bdocodex.com/items/new_icon/03_etc/07_productmaterial/00008541.png"
1,"Dried Lobster","https://bdocodex.com/items/new_icon/03_etc/07_productmaterial/00006521.png"
1,"Dried Mackerel","https://bdocodex.com/items/new_icon/03_etc/07_productmaterial/00008528.png"
1,"Dried Mackerel Pike","https://bdocodex.com/items/new_icon/03_etc/07_productmaterial/00008602.png"
1,"Dried Mandarin Fish","https://bdocodex.com/items/new_icon/03_etc/07_productmaterial/00008540.png"
1,"Dried Maomao","https://bdocodex.com/items/new_icon/03_etc/07_productmaterial/00008577.png"
1,"Dried Miho Spine Loach","https://bdocodex.com/items/new_icon/03_etc/07_productmaterial/00008503.png"
1,"Dried Minnow","https://bdocodex.com/items/new_icon/03_etc/07_productmaterial/00008648.png"
1,"Dried Moray","https://bdocodex.com/items/new_icon/03_etc/07_productmaterial/00008596.png"
1,"Dried Mori","https://bdocodex.com/items/new_icon/03_etc/07_productmaterial/00008655.png"
1,"Dried Mudfish","https://bdocodex.com/items/new_icon/03_etc/07_productmaterial/00008551.png"
1,"Dried Mudskipper","https://bdocodex.com/items/new_icon/03_etc/07_productmaterial/00008501.png"
1,"Dried Mullet","https://bdocodex.com/items/new_icon/03_etc/07_productmaterial/00008536.png"
1,"Dried Nibbler","https://bdocodex.com/items/new_icon/03_etc/07_productmaterial/00008571.png"
1,"Dried Notch Jaw","https://bdocodex.com/items/new_icon/03_etc/07_productmaterial/00008550.png"
1,"Dried Octopus","https://bdocodex.com/items/new_icon/03_etc/07_productmaterial/00008512.png"
1,"Dried Oily Shiner","https://bdocodex.com/items/new_icon/03_etc/07_productmaterial/00008646.png"
1,"Dried Pacu","https://bdocodex.com/items/new_icon/03_etc/07_productmaterial/00008592.png"
1,"Dried Pearl Oyster Flesh","https://bdocodex.com/items/new_icon/03_etc/07_productmaterial/00006520.png"
1,"Dried Perch","https://bdocodex.com/items/new_icon/03_etc/07_productmaterial/00008549.png"
1,"Dried Pintado","https://bdocodex.com/items/new_icon/03_etc/07_productmaterial/00008578.png"
1,"Dried Piranha","https://bdocodex.com/items/new_icon/03_etc/07_productmaterial/00008539.png"
1,"Dried Pomfret","https://bdocodex.com/items/new_icon/03_etc/07_productmaterial/00008605.png"
1,"Dried Porcupine Fish","https://bdocodex.com/items/new_icon/03_etc/07_productmaterial/00008598.png"
1,"Dried Porgy","https://bdocodex.com/items/new_icon/03_etc/07_productmaterial/00008507.png"
1,"Dried Ray","https://bdocodex.com/items/new_icon/03_etc/07_productmaterial/00008531.png"
1,"Dried Rock Hind","https://bdocodex.com/items/new_icon/03_etc/07_productmaterial/00008600.png"
1,"Dried Rockfish","https://bdocodex.com/items/new_icon/03_etc/07_productmaterial/00008510.png"
1,"Dried Rosefish","https://bdocodex.com/items/new_icon/03_etc/07_productmaterial/00008583.png"
1,"Dried Rosy Bitterling","https://bdocodex.com/items/new_icon/03_etc/07_productmaterial/00008595.png"
1,"Dried Round Herring","https://bdocodex.com/items/new_icon/03_etc/07_productmaterial/00008564.png"
1,"Dried Roundtail Paradisefish","https://bdocodex.com/items/new_icon/03_etc/07_productmaterial/00008596.png"
1,"Dried Salmon","https://bdocodex.com/items/new_icon/03_etc/07_productmaterial/00008505.png"
1,"Dried Sandeel","https://bdocodex.com/items/new_icon/03_etc/07_productmaterial/00008605.png"
1,"Dried Sandfish","https://bdocodex.com/items/new_icon/03_etc/07_productmaterial/00008582.png"
1,"Dried Sardine","https://bdocodex.com/items/new_icon/03_etc/07_productmaterial/00008563.png"
1,"Dried Saurel","https://bdocodex.com/items/new_icon/03_etc/07_productmaterial/00008509.png"
1,"Dried Scorpion Fish","https://bdocodex.com/items/new_icon/03_etc/07_productmaterial/00008535.png"
1,"Dried Sea Bass","https://bdocodex.com/items/new_icon/03_etc/07_productmaterial/00008525.png"
1,"Dried Sea Eel","https://bdocodex.com/items/new_icon/03_etc/07_productmaterial/00008557.png"
1,"Dried Seahorse","https://bdocodex.com/items/new_icon/03_etc/07_productmaterial/00008532.png"
1,"Dried Shellfish","https://bdocodex.com/items/new_icon/03_etc/07_productmaterial/00008515.png"
1,"Dried Shuttles Hoppfish","https://bdocodex.com/items/new_icon/03_etc/07_productmaterial/00008645.png"
1,"Dried Siganid","https://bdocodex.com/items/new_icon/03_etc/07_productmaterial/00008572.png"
1,"Dried Silver Stripe Round Herring","https://bdocodex.com/items/new_icon/03_etc/07_productmaterial/00008565.png"
1,"Dried Skipjack","https://bdocodex.com/items/new_icon/03_etc/07_productmaterial/00008530.png"
1,"Dried Smelt","https://bdocodex.com/items/new_icon/03_etc/07_productmaterial/00008594.png"
1,"Dried Smokey Chromis","https://bdocodex.com/items/new_icon/03_etc/07_productmaterial/00008576.png"
1,"Dried Snakehead","https://bdocodex.com/items/new_icon/03_etc/07_productmaterial/00008521.png"
1,"Dried Soho Bitterling","https://bdocodex.com/items/new_icon/03_etc/07_productmaterial/00008590.png"
1,"Dried Spined Loach","https://bdocodex.com/items/new_icon/03_etc/07_productmaterial/00008650.png"
1,"Dried Spotted Barbel","https://bdocodex.com/items/new_icon/03_etc/07_productmaterial/00008504.png"
1,"Dried Squid","https://bdocodex.com/items/new_icon/03_etc/07_productmaterial/00008511.png"
1,"Dried Starfish","https://bdocodex.com/items/new_icon/03_etc/07_productmaterial/00008533.png"
1,"Dried Stickleback","https://bdocodex.com/items/new_icon/03_etc/07_productmaterial/00008654.png"
1,"Dried Stone Moroko","https://bdocodex.com/items/new_icon/03_etc/07_productmaterial/00008652.png"
1,"Dried Striped Catfish","https://bdocodex.com/items/new_icon/03_etc/07_productmaterial/00008568.png"
1,"Dried Striped Shiner","https://bdocodex.com/items/new_icon/03_etc/07_productmaterial/00008588.png"
1,"Dried Stumpy Bullhead","https://bdocodex.com/items/new_icon/03_etc/07_productmaterial/00008525.png"
1,"Dried Sturgeon","https://bdocodex.com/items/new_icon/03_etc/07_productmaterial/00008538.png"
1,"Dried Sunfish","https://bdocodex.com/items/new_icon/03_etc/07_productmaterial/00008524.png"
1,"Dried Surfperch","https://bdocodex.com/items/new_icon/03_etc/07_productmaterial/00008574.png"
1,"Dried Sweetfish","https://bdocodex.com/items/new_icon/03_etc/07_productmaterial/00008543.png"
1,"Dried Swellfish","https://bdocodex.com/items/new_icon/03_etc/07_productmaterial/00008508.png"
1,"Dried Swiri","https://bdocodex.com/items/new_icon/03_etc/07_productmaterial/00008537.png"
1,"Dried Swordfish","https://bdocodex.com/items/new_icon/03_etc/07_productmaterial/00008527.png"
1,"Dried Tapertail Anchovy","https://bdocodex.com/items/new_icon/03_etc/07_productmaterial/00008598.png"
1,"Dried Terrapin","https://bdocodex.com/items/new_icon/03_etc/07_productmaterial/00008544.png"
1,"Dried Tilefish","https://bdocodex.com/items/new_icon/03_etc/07_productmaterial/00008597.png"
1,"Dried Tongue Sole","https://bdocodex.com/items/new_icon/03_etc/07_productmaterial/00008599.png"
1,"Dried Trout","https://bdocodex.com/items/new_icon/03_etc/07_productmaterial/00008518.png"
1,"Dried Tuna","https://bdocodex.com/items/new_icon/03_etc/07_productmaterial/00008502.png"
1,"Dried Whiting","https://bdocodex.com/items/new_icon/03_etc/07_productmaterial/00008566.png"
1,"Dried Yellow-Head Catfish","https://bdocodex.com/items/new_icon/03_etc/07_productmaterial/00008593.png"
1,"Dried Yellowfin Sculpin","https://bdocodex.com/items/new_icon/03_etc/07_productmaterial/00008555.png"
1,"Dried-Up Seed","https://bdocodex.com/items/new_icon/03_etc/07_productmaterial/00006942.png"
1,"Dry Mane Grass","https://bdocodex.com/items/new_icon/03_etc/07_productmaterial/00005404.png"
1,"Dry Mane Grass Seed","https://bdocodex.com/items/new_icon/03_etc/07_productmaterial/00006904.png"
1,"Dwarf Mushroom","https://bdocodex.com/items/new_icon/03_etc/07_productmaterial/00005409.png"
1,"Dwarf Mushroom Hypha","https://bdocodex.com/items/new_icon/03_etc/07_productmaterial/00006909.png"
1,"Egg","https://bdocodex.com/items/new_icon/03_etc/07_productmaterial/00009064.png"
1,"Elder Tree Plank","https://bdocodex.com/items/new_icon/03_etc/07_productmaterial/00004673.png"
1,"Elder Tree Plywood","https://bdocodex.com/items/new_icon/03_etc/07_productmaterial/00004674.png"
1,"Elder Tree Sap","https://bdocodex.com/items/new_icon/03_etc/07_productmaterial/00005014.png"
1,"Elder Tree Timber","https://bdocodex.com/items/new_icon/03_etc/07_productmaterial/00004611.png"
1,"Emerald","https://bdocodex.com/items/new_icon/03_etc/07_productmaterial/00004460.png"
1,"Emperor Mushroom","https://bdocodex.com/items/new_icon/03_etc/07_productmaterial/00005413.png"
1,"Emperor Mushroom Hypha","https://bdocodex.com/items/new_icon/03_etc/07_productmaterial/00006913.png"
1,"Empty Crystal","https://bdocodex.com/items/new_icon/03_etc/07_productmaterial/00004903.png"
1,"Enhanced Flax Fabric","https://bdocodex.com/items/new_icon/03_etc/07_productmaterial/00005860.png"
1,"Essence of Abundance","https://bdocodex.com/items/new_icon/03_etc/07_productmaterial/00005204.png"
1,"Essence of Crimson Flame","https://bdocodex.com/items/new_icon/03_etc/07_productmaterial/00005202.png"
1,"Essence of Deep Sea","https://bdocodex.com/items/new_icon/03_etc/07_productmaterial/00005218.png"
1,"Essence of Destruction","https://bdocodex.com/items/new_icon/03_etc/07_productmaterial/00005216.png"
1,"Essence of Enchantment","https://bdocodex.com/items/new_icon/03_etc/07_productmaterial/00005210.png"
1,"Essence of Liquor","https://bdocodex.com/items/new_icon/03_etc/07_productmaterial/00009057.png"
1,"Essence of Magic Power","https://bdocodex.com/items/new_icon/03_etc/07_productmaterial/00005212.png"
1,"Essence of Nature","https://bdocodex.com/items/new_icon/03_etc/07_productmaterial/00005206.png"
1,"Essence of Perfection","https://bdocodex.com/items/new_icon/03_etc/07_productmaterial/00005214.png"
1,"Essence of the Sun","https://bdocodex.com/items/new_icon/03_etc/07_productmaterial/00005208.png"
1,"Everlasting Herb","https://bdocodex.com/items/new_icon/03_etc/07_productmaterial/00005406.png"
1,"Eyelash Cup","https://bdocodex.com/items/new_icon/03_etc/07_productmaterial/00005493.png"
1,"Fancy Feather","https://bdocodex.com/items/new_icon/03_etc/07_productmaterial/00006158.png"
1,"Fancy Reptile Skin","https://bdocodex.com/items/new_icon/03_etc/07_productmaterial/00006156.png"
1,"Feather Wolf Hide","https://bdocodex.com/items/new_icon/03_etc/07_productmaterial/00006014.png"
1,"Fig","https://bdocodex.com/items/new_icon/03_etc/07_productmaterial/00007018.png"
1,"Fig Seed","https://bdocodex.com/items/new_icon/03_etc/07_productmaterial/00006831.png"
1,"Fine Fancy Feather","https://bdocodex.com/items/new_icon/03_etc/07_productmaterial/00006166.png"
1,"Fine Fancy Reptile Skin","https://bdocodex.com/items/new_icon/03_etc/07_productmaterial/00006164.png"
1,"Fine Hard Hide","https://bdocodex.com/items/new_icon/03_etc/07_productmaterial/00006161.png"
1,"Fine Lightweight Plume","https://bdocodex.com/items/new_icon/03_etc/07_productmaterial/00006165.png"
1,"Fine Soft Hide","https://bdocodex.com/items/new_icon/03_etc/07_productmaterial/00006159.png"
1,"Fine Thick Fur","https://bdocodex.com/items/new_icon/03_etc/07_productmaterial/00006163.png"
1,"Fine Thin Hide","https://bdocodex.com/items/new_icon/03_etc/07_productmaterial/00006162.png"
1,"Fine Tough Hide","https://bdocodex.com/items/new_icon/03_etc/07_productmaterial/00006160.png"
1,"Fir Plank","https://bdocodex.com/items/new_icon/03_etc/07_productmaterial/00004663.png"
1,"Fir Plywood","https://bdocodex.com/items/new_icon/03_etc/07_productmaterial/00004664.png"
1,"Fir Sap","https://bdocodex.com/items/new_icon/03_etc/07_productmaterial/00005009.png"
1,"Fir Timber","https://bdocodex.com/items/new_icon/03_etc/07_productmaterial/00004606.png"
1,"Fire Flake Flower","https://bdocodex.com/items/new_icon/03_etc/07_productmaterial/00005403.png"
1,"Fire Flake Flower Seed","https://bdocodex.com/items/new_icon/03_etc/07_productmaterial/00006903.png"
1,"Fire Horn","https://bdocodex.com/items/new_icon/03_etc/07_productmaterial/00006185.png"
1,"Flamingo Blood","https://bdocodex.com/items/new_icon/03_etc/07_productmaterial/00006218.png"
1,"Flamingo Meat","https://bdocodex.com/items/new_icon/03_etc/07_productmaterial/00007917.png"
1,"Flamingo Plume","https://bdocodex.com/items/new_icon/03_etc/07_productmaterial/00006018.png"
1,"Flax","https://bdocodex.com/items/new_icon/03_etc/07_productmaterial/00005802.png"
1,"Flax Fabric","https://bdocodex.com/items/new_icon/03_etc/07_productmaterial/00005856.png"
1,"Flax Seed","https://bdocodex.com/items/new_icon/03_etc/07_productmaterial/00006724.png"
1,"Flax Thread","https://bdocodex.com/items/new_icon/03_etc/07_productmaterial/00005852.png"
1,"Fleece","https://bdocodex.com/items/new_icon/03_etc/07_productmaterial/00005804.png"
1,"Fog Mushroom","https://bdocodex.com/items/new_icon/03_etc/07_productmaterial/00005415.png"
1,"Fog Mushroom Hypha","https://bdocodex.com/items/new_icon/03_etc/07_productmaterial/00006915.png"
1,"Forest Emerald","https://bdocodex.com/items/new_icon/03_etc/07_productmaterial/00004462.png"
1,"Fortune Teller Mushroom","https://bdocodex.com/items/new_icon/03_etc/07_productmaterial/00005407.png"
1,"Fortune Teller Mushroom Hypha","https://bdocodex.com/items/new_icon/03_etc/07_productmaterial/00006907.png"
1,"Fox Blood","https://bdocodex.com/items/new_icon/03_etc/07_productmaterial/00006203.png"
1,"Fox Hide","https://bdocodex.com/items/new_icon/03_etc/07_productmaterial/00006003.png"
1,"Fox Meat","https://bdocodex.com/items/new_icon/03_etc/07_productmaterial/00007903.png"
1,"Freekeh","https://bdocodex.com/items/new_icon/03_etc/07_productmaterial/00007021.png"
1,"Freekeh Flour","https://bdocodex.com/items/new_icon/03_etc/07_productmaterial/00007107.png"
1,"Freekeh Flour Dough","https://bdocodex.com/items/new_icon/03_etc/07_productmaterial/00007207.png"
1,"Freekeh Seed","https://bdocodex.com/items/new_icon/03_etc/07_productmaterial/00006834.png"
1,"Fruit of Abundance","https://bdocodex.com/items/new_icon/03_etc/07_productmaterial/00005203.png"
1,"Fruit of Crimson Flame","https://bdocodex.com/items/new_icon/03_etc/07_productmaterial/00005201.png"
1,"Fruit of Destruction","https://bdocodex.com/items/new_icon/03_etc/07_productmaterial/00005215.png"
1,"Fruit of Enchantment","https://bdocodex.com/items/new_icon/03_etc/07_productmaterial/00005209.png"
1,"Fruit of Magic Power","https://bdocodex.com/items/new_icon/03_etc/07_productmaterial/00005211.png"
1,"Fruit of Nature","https://bdocodex.com/items/new_icon/03_etc/07_productmaterial/00005205.png"
1,"Fruit of Perfection","https://bdocodex.com/items/new_icon/03_etc/07_productmaterial/00005213.png"
1,"Fruit of the Sun","https://bdocodex.com/items/new_icon/03_etc/07_productmaterial/00005207.png"
1,"Garlic","https://bdocodex.com/items/new_icon/03_etc/07_productmaterial/00007302.png"
1,"Garlic Seed","https://bdocodex.com/items/new_icon/03_etc/07_productmaterial/00006702.png"
1,"Gazelle Hide","https://bdocodex.com/items/new_icon/03_etc/07_productmaterial/00006001.png"
1,"Gazelle Meat","https://bdocodex.com/items/new_icon/03_etc/07_productmaterial/00007913.png"
1,"Gem Polisher","https://bdocodex.com/items/new_icon/03_etc/07_productmaterial/00004481.png"
1,"Ghost Mushroom","https://bdocodex.com/items/new_icon/03_etc/07_productmaterial/00005414.png"
1,"Ghost Mushroom Hypha","https://bdocodex.com/items/new_icon/03_etc/07_productmaterial/00006914.png"
1,"Gigantic Seed","https://bdocodex.com/items/new_icon/03_etc/07_productmaterial/00006945.png"
1,"Glossy Bone Piece","https://bdocodex.com/items/new_icon/03_etc/07_productmaterial/00005488.png"
1,"Glossy Seed","https://bdocodex.com/items/new_icon/03_etc/07_productmaterial/00006941.png"
1,"Glue","https://bdocodex.com/items/new_icon/03_etc/07_productmaterial/00006528.png"
1,"Goat Blood","https://bdocodex.com/items/new_icon/03_etc/07_productmaterial/00006228.png"
1,"Goat Hide","https://bdocodex.com/items/new_icon/03_etc/07_productmaterial/00006030.png"
1,"Goat Meat","https://bdocodex.com/items/new_icon/03_etc/07_productmaterial/00007957.png"
1,"Gold Ingot","https://bdocodex.com/items/new_icon/03_etc/07_productmaterial/00004255.png"
1,"Gold Ore","https://bdocodex.com/items/new_icon/03_etc/07_productmaterial/00004202.png"
1,"Gold Topaz","https://bdocodex.com/items/new_icon/03_etc/07_productmaterial/00004459.png"
1,"Golden Coral","https://bdocodex.com/items/new_icon/03_etc/07_productmaterial/00006505.png"
1,"Golden Sun Coral","https://bdocodex.com/items/new_icon/03_etc/07_productmaterial/00006525.png"
1,"Grape","https://bdocodex.com/items/new_icon/03_etc/07_productmaterial/00007307.png"
1,"Grape Seed","https://bdocodex.com/items/new_icon/03_etc/07_productmaterial/00006801.png"
1,"Green Coral","https://bdocodex.com/items/new_icon/03_etc/07_productmaterial/00006504.png"
1,"Green Crystal","https://bdocodex.com/items/new_icon/03_etc/07_productmaterial/00004469.png"
1,"Green Pendulous Mushroom","https://bdocodex.com/items/new_icon/03_etc/07_productmaterial/00005520.png"
1,"Griffon Claw","https://bdocodex.com/items/new_icon/03_etc/07_productmaterial/00009741.png"
1,"Griffon Feather","https://bdocodex.com/items/new_icon/03_etc/07_productmaterial/00006018.png"
1,"Griffon Leather","https://bdocodex.com/items/new_icon/03_etc/07_productmaterial/00006031.png"
1,"Ground Bird Meat","https://bdocodex.com/items/new_icon/03_etc/07_productmaterial/00007958.png"
1,"Half-Moon Seed","https://bdocodex.com/items/new_icon/03_etc/07_productmaterial/00006947.png"
1,"Hard Hide","https://bdocodex.com/items/new_icon/03_etc/07_productmaterial/00006153.png"
1,"Hard Pillar","https://bdocodex.com/items/new_icon/03_etc/07_productmaterial/00004687.png"
1,"Haystack","https://bdocodex.com/items/new_icon/03_etc/07_productmaterial/00007023.png"
1,"Hazel Tree Fruit","https://bdocodex.com/items/new_icon/03_etc/07_productmaterial/00005530.png"
1,"Herbal Gunpowder","https://bdocodex.com/items/new_icon/03_etc/07_productmaterial/00005604.png"
1,"Herbal Poison","https://bdocodex.com/items/new_icon/03_etc/07_productmaterial/00005603.png"
1,"Hot Pepper","https://bdocodex.com/items/new_icon/03_etc/07_productmaterial/00007305.png"
1,"Hot Pepper Seed","https://bdocodex.com/items/new_icon/03_etc/07_productmaterial/00006705.png"
1,"Hump Mushroom","https://bdocodex.com/items/new_icon/03_etc/07_productmaterial/00005416.png"
1,"Hump Mushroom Hypha","https://bdocodex.com/items/new_icon/03_etc/07_productmaterial/00006916.png"
1,"Indigo Lapis Lazuli","https://bdocodex.com/items/new_icon/03_etc/07_productmaterial/00004492.png"
1,"Inorganic Fertilizer","https://bdocodex.com/items/new_icon/06_pc_equipitem/00_common/00_etc/00016901.png"
1,"Insectivore Plant Flower","https://bdocodex.com/items/new_icon/03_etc/07_productmaterial/00005440.png"
1,"Insectivore Plant Leaf","https://bdocodex.com/items/new_icon/03_etc/07_productmaterial/00005441.png"
1,"Insectivore Plant Powder","https://bdocodex.com/items/new_icon/03_etc/07_productmaterial/00005601.png"
1,"Insectivore Plant Root","https://bdocodex.com/items/new_icon/03_etc/07_productmaterial/00005443.png"
1,"Insectivore Plant Sap","https://bdocodex.com/items/new_icon/03_etc/07_productmaterial/00005602.png"
1,"Insectivore Plant Stalk","https://bdocodex.com/items/new_icon/03_etc/07_productmaterial/00005442.png"
1,"Iron Ingot","https://bdocodex.com/items/new_icon/03_etc/07_productmaterial/00004052.png"
1,"Iron Ore","https://bdocodex.com/items/new_icon/03_etc/07_productmaterial/00004001.png"
1,"Jade Coral Ingot","https://bdocodex.com/items/new_icon/03_etc/07_productmaterial/00004269.png"
1,"Knitting Yarn","https://bdocodex.com/items/new_icon/03_etc/07_productmaterial/00005854.png"
1,"Kuku Bird Blood","https://bdocodex.com/items/new_icon/03_etc/07_productmaterial/00006217.png"
1,"Kuku Bird Meat","https://bdocodex.com/items/new_icon/03_etc/07_productmaterial/00007916.png"
1,"Lamb Meat","https://bdocodex.com/items/new_icon/03_etc/07_productmaterial/00007902.png"
1,"Lapis Lazuli","https://bdocodex.com/items/new_icon/03_etc/07_productmaterial/00004490.png"
1,"Lead Ingot","https://bdocodex.com/items/new_icon/03_etc/07_productmaterial/00004055.png"
1,"Lead Ore","https://bdocodex.com/items/new_icon/03_etc/07_productmaterial/00004002.png"
1,"Leather Glaze","https://bdocodex.com/items/new_icon/03_etc/07_productmaterial/00006183.png"
1,"Leccinum","https://bdocodex.com/items/new_icon/03_etc/07_productmaterial/00005490.png"
1,"Leccinum Hypha","https://bdocodex.com/items/new_icon/03_etc/07_productmaterial/00006928.png"
1,"Legendary Beast's Blood","https://bdocodex.com/items/new_icon/03_etc/07_productmaterial/00006351.png"
1,"Lightweight Plume","https://bdocodex.com/items/new_icon/03_etc/07_productmaterial/00006157.png"
1,"Lion Blood","https://bdocodex.com/items/new_icon/03_etc/07_productmaterial/00006223.png"
1,"Lion Hide","https://bdocodex.com/items/new_icon/03_etc/07_productmaterial/00006020.png"
1,"Lion Meat","https://bdocodex.com/items/new_icon/03_etc/07_productmaterial/00007923.png"
1,"Lizard Blood","https://bdocodex.com/items/new_icon/03_etc/07_productmaterial/00006208.png"
1,"Lizard Hide","https://bdocodex.com/items/new_icon/03_etc/07_productmaterial/00006008.png"
1,"Lizard Meat","https://bdocodex.com/items/new_icon/03_etc/07_productmaterial/00007908.png"
1,"Llama Blood","https://bdocodex.com/items/new_icon/03_etc/07_productmaterial/00006227.png"
1,"Llama Hide","https://bdocodex.com/items/new_icon/03_etc/07_productmaterial/00006029.png"
1,"Llama Meat","https://bdocodex.com/items/new_icon/03_etc/07_productmaterial/00007956.png"
1,"Log","https://bdocodex.com/items/new_icon/03_etc/07_productmaterial/00004605.png"
1,"Loopy Tree Plank","https://bdocodex.com/items/new_icon/03_etc/07_productmaterial/00004697.png"
1,"Loopy Tree Plywood","https://bdocodex.com/items/new_icon/03_etc/07_productmaterial/00004698.png"
1,"Loopy Tree Sap","https://bdocodex.com/items/new_icon/03_etc/07_productmaterial/00005018.png"
1,"Loopy Tree Timber","https://bdocodex.com/items/new_icon/03_etc/07_productmaterial/00004615.png"
1,"Maple Plank","https://bdocodex.com/items/new_icon/03_etc/07_productmaterial/00004654.png"
1,"Maple Plywood","https://bdocodex.com/items/new_icon/03_etc/07_productmaterial/00004655.png"
1,"Maple Sap","https://bdocodex.com/items/new_icon/03_etc/07_productmaterial/00005002.png"
1,"Maple Timber","https://bdocodex.com/items/new_icon/03_etc/07_productmaterial/00004602.png"
1,"Margoria Dark Iron","https://bdocodex.com/items/new_icon/03_etc/07_productmaterial/00004084.png"
1,"Marmot Blood","https://bdocodex.com/items/new_icon/03_etc/07_productmaterial/00006226.png"
1,"Marmot Hide","https://bdocodex.com/items/new_icon/03_etc/07_productmaterial/00006028.png"
1,"Marmot Meat","https://bdocodex.com/items/new_icon/03_etc/07_productmaterial/00007955.png"
1,"Melted Copper Shard","https://bdocodex.com/items/new_icon/03_etc/07_productmaterial/00004057.png"
1,"Melted Gold Shard","https://bdocodex.com/items/new_icon/03_etc/07_productmaterial/00004254.png"
1,"Melted Iron Shard","https://bdocodex.com/items/new_icon/03_etc/07_productmaterial/00004051.png"
1,"Melted Lead Shard","https://bdocodex.com/items/new_icon/03_etc/07_productmaterial/00004054.png"
1,"Melted Mythril Shard","https://bdocodex.com/items/new_icon/03_etc/07_productmaterial/00004262.png"
1,"Melted Noc Shard","https://bdocodex.com/items/new_icon/03_etc/07_productmaterial/00004085.png"
1,"Melted Platinum Shard","https://bdocodex.com/items/new_icon/03_etc/07_productmaterial/00004257.png"
1,"Melted Silver Shard","https://bdocodex.com/items/new_icon/03_etc/07_productmaterial/00004251.png"
1,"Melted Tin Shard","https://bdocodex.com/items/new_icon/03_etc/07_productmaterial/00004060.png"
1,"Melted Titanium Shard","https://bdocodex.com/items/new_icon/03_etc/07_productmaterial/00004081.png"
1,"Melted Vanadium Shard","https://bdocodex.com/items/new_icon/03_etc/07_productmaterial/00004078.png"
1,"Melted Zinc Shard","https://bdocodex.com/items/new_icon/03_etc/07_productmaterial/00004063.png"
1,"Metal Solvent","https://bdocodex.com/items/new_icon/03_etc/07_productmaterial/00004076.png"
1,"Milk","https://bdocodex.com/items/new_icon/03_etc/07_productmaterial/00009065.png"
1,"Mimosa Stalk","https://bdocodex.com/items/new_icon/03_etc/07_productmaterial/00005531.png"
1,"Monk's Branch","https://bdocodex.com/items/new_icon/03_etc/07_productmaterial/00005007.png"
1,"Monkey Blood","https://bdocodex.com/items/new_icon/03_etc/07_productmaterial/00006211.png"
1,"Monkey Hide","https://bdocodex.com/items/new_icon/03_etc/07_productmaterial/00006011.png"
1,"Moonlight Opal","https://bdocodex.com/items/new_icon/03_etc/07_productmaterial/00004266.png"
1,"Moss Tree Plank","https://bdocodex.com/items/new_icon/03_etc/07_productmaterial/00004694.png"
1,"Moss Tree Plywood","https://bdocodex.com/items/new_icon/03_etc/07_productmaterial/00004695.png"
1,"Moss Tree Sap","https://bdocodex.com/items/new_icon/03_etc/07_productmaterial/00005017.png"
1,"Moss Tree Timber","https://bdocodex.com/items/new_icon/03_etc/07_productmaterial/00004614.png"
1,"Mud Crystal","https://bdocodex.com/items/new_icon/03_etc/07_productmaterial/00004467.png"
1,"Mythril","https://bdocodex.com/items/new_icon/03_etc/07_productmaterial/00004206.png"
1,"Mythril Ingot","https://bdocodex.com/items/new_icon/03_etc/07_productmaterial/00004263.png"
1,"Noc Ingot","https://bdocodex.com/items/new_icon/03_etc/07_productmaterial/00004086.png"
1,"Noc Ore","https://bdocodex.com/items/new_icon/03_etc/07_productmaterial/00004011.png"
1,"Nolina","https://bdocodex.com/items/new_icon/03_etc/07_productmaterial/00005484.png"
1,"Nolina Seed","https://bdocodex.com/items/new_icon/03_etc/07_productmaterial/00006924.png"
1,"Nutmeg","https://bdocodex.com/items/new_icon/03_etc/07_productmaterial/00007020.png"
1,"Nutmeg Seed","https://bdocodex.com/items/new_icon/03_etc/07_productmaterial/00006833.png"
1,"Ocean Sapphire","https://bdocodex.com/items/new_icon/03_etc/07_productmaterial/00004456.png"
1,"Ogre Blood","https://bdocodex.com/items/new_icon/03_etc/07_productmaterial/00006221.png"
1,"Oil of Corruption","https://bdocodex.com/items/new_icon/03_etc/07_productmaterial/00006604.png"
1,"Oil of Fortitude","https://bdocodex.com/items/new_icon/03_etc/07_productmaterial/00006603.png"
1,"Oil of Regeneration","https://bdocodex.com/items/new_icon/03_etc/07_productmaterial/00006601.png"
1,"Oil of Storms","https://bdocodex.com/items/new_icon/03_etc/07_productmaterial/00006602.png"
1,"Oil of the Abyss","https://bdocodex.com/items/new_icon/03_etc/07_productmaterial/00006606.png"
1,"Oil of Tranquility","https://bdocodex.com/items/new_icon/03_etc/07_productmaterial/00006605.png"
1,"Old Tree Bark","https://bdocodex.com/items/new_icon/03_etc/07_productmaterial/00005008.png"
1,"Old Tree Branch","https://bdocodex.com/items/new_icon/03_etc/07_productmaterial/00004613.png"
1,"Olive","https://bdocodex.com/items/new_icon/03_etc/07_productmaterial/00007309.png"
1,"Olive Seed","https://bdocodex.com/items/new_icon/03_etc/07_productmaterial/00006803.png"
1,"Onion","https://bdocodex.com/items/new_icon/03_etc/07_productmaterial/00007303.png"
1,"Onion Seed","https://bdocodex.com/items/new_icon/03_etc/07_productmaterial/00006703.png"
1,"Organic Fertilizer","https://bdocodex.com/items/new_icon/06_pc_equipitem/00_common/00_etc/00016901.png"
1,"Ox Blood","https://bdocodex.com/items/new_icon/03_etc/07_productmaterial/00006206.png"
1,"Ox Hide","https://bdocodex.com/items/new_icon/03_etc/07_productmaterial/00006006.png"
1,"Oyster","https://bdocodex.com/items/new_icon/03_etc/07_productmaterial/00006515.png"
1,"Palm Plank","https://bdocodex.com/items/new_icon/03_etc/07_productmaterial/00004670.png"
1,"Palm Plywood","https://bdocodex.com/items/new_icon/03_etc/07_productmaterial/00004671.png"
1,"Palm Sap","https://bdocodex.com/items/new_icon/03_etc/07_productmaterial/00005015.png"
1,"Palm Timber","https://bdocodex.com/items/new_icon/03_etc/07_productmaterial/00004610.png"
1,"Paprika","https://bdocodex.com/items/new_icon/03_etc/07_productmaterial/00007312.png"
1,"Paprika Seed","https://bdocodex.com/items/new_icon/03_etc/07_productmaterial/00006805.png"
1,"Pear","https://bdocodex.com/items/new_icon/03_etc/07_productmaterial/00007315.png"
1,"Penestraria","https://bdocodex.com/items/new_icon/03_etc/07_productmaterial/00005485.png"
1,"Penestraria Seed","https://bdocodex.com/items/new_icon/03_etc/07_productmaterial/00006925.png"
1,"Pepper","https://bdocodex.com/items/new_icon/03_etc/07_productmaterial/00007301.png"
1,"Pepper Seed","https://bdocodex.com/items/new_icon/03_etc/07_productmaterial/00006701.png"
1,"Pie Mushroom","https://bdocodex.com/items/new_icon/03_etc/07_productmaterial/00005492.png"
1,"Pie Mushroom Hypha","https://bdocodex.com/items/new_icon/03_etc/07_productmaterial/00006930.png"
1,"Pig Blood","https://bdocodex.com/items/new_icon/03_etc/07_productmaterial/00006205.png"
1,"Pig Hide","https://bdocodex.com/items/new_icon/03_etc/07_productmaterial/00006005.png"
1,"Pile of Sunrise Herbs","https://bdocodex.com/items/new_icon/03_etc/07_productmaterial/00005421.png"
1,"Pine Coated Plywood","https://bdocodex.com/items/new_icon/03_etc/07_productmaterial/00004691.png"
1,"Pine Plank","https://bdocodex.com/items/new_icon/03_etc/07_productmaterial/00004657.png"
1,"Pine Plywood","https://bdocodex.com/items/new_icon/03_etc/07_productmaterial/00004658.png"
1,"Pine Sap","https://bdocodex.com/items/new_icon/03_etc/07_productmaterial/00005003.png"
1,"Pine Timber","https://bdocodex.com/items/new_icon/03_etc/07_productmaterial/00004603.png"
1,"Pineapple","https://bdocodex.com/items/new_icon/03_etc/07_productmaterial/00007317.png"
1,"Pink Trumpet Mushroom","https://bdocodex.com/items/new_icon/03_etc/07_productmaterial/00005518.png"
1,"Pistachio","https://bdocodex.com/items/new_icon/03_etc/07_productmaterial/00007017.png"
1,"Platinum Ingot","https://bdocodex.com/items/new_icon/03_etc/07_productmaterial/00004258.png"
1,"Platinum Ore","https://bdocodex.com/items/new_icon/03_etc/07_productmaterial/00004203.png"
1,"Plywood Hardener","https://bdocodex.com/items/new_icon/03_etc/07_productmaterial/00004684.png"
1,"Polished Opal","https://bdocodex.com/items/new_icon/03_etc/07_productmaterial/00004260.png"
1,"Polished Stone","https://bdocodex.com/items/new_icon/03_etc/07_productmaterial/00004068.png"
1,"Pork","https://bdocodex.com/items/new_icon/03_etc/07_productmaterial/00007905.png"
1,"Potato","https://bdocodex.com/items/new_icon/03_etc/07_productmaterial/00007003.png"
1,"Potato Dough","https://bdocodex.com/items/new_icon/03_etc/07_productmaterial/00007203.png"
1,"Potato Flour","https://bdocodex.com/items/new_icon/03_etc/07_productmaterial/00007103.png"
1,"Powder of Crevice","https://bdocodex.com/items/new_icon/03_etc/07_productmaterial/00004803.png"
1,"Powder of Darkness","https://bdocodex.com/items/new_icon/03_etc/07_productmaterial/00004801.png"
1,"Powder of Earth","https://bdocodex.com/items/new_icon/03_etc/07_productmaterial/00004804.png"
1,"Powder of Flame","https://bdocodex.com/items/new_icon/03_etc/07_productmaterial/00004802.png"
1,"Powder of Time","https://bdocodex.com/items/new_icon/03_etc/07_productmaterial/00004805.png"
1,"Prairie Green Coral","https://bdocodex.com/items/new_icon/03_etc/07_productmaterial/00006524.png"
1,"Precious Blue Crystal","https://bdocodex.com/items/new_icon/03_etc/07_productmaterial/00004487.png"
1,"Precious Violet Crystal","https://bdocodex.com/items/new_icon/03_etc/07_productmaterial/00004489.png"
1,"Processed Coal","https://bdocodex.com/items/new_icon/03_etc/07_productmaterial/00004070.png"
1,"Pumpkin","https://bdocodex.com/items/new_icon/03_etc/07_productmaterial/00007306.png"
1,"Pumpkin Seed","https://bdocodex.com/items/new_icon/03_etc/07_productmaterial/00006706.png"
1,"Pure Copper Crystal","https://bdocodex.com/items/new_icon/03_etc/07_productmaterial/00004059.png"
1,"Pure Gold Crystal","https://bdocodex.com/items/new_icon/03_etc/07_productmaterial/00004256.png"
1,"Pure Iron Crystal","https://bdocodex.com/items/new_icon/03_etc/07_productmaterial/00004053.png"
1,"Pure Lead Crystal","https://bdocodex.com/items/new_icon/03_etc/07_productmaterial/00004056.png"
1,"Pure Mythril Crystal","https://bdocodex.com/items/new_icon/03_etc/07_productmaterial/00004264.png"
1,"Pure Noc Crystal","https://bdocodex.com/items/new_icon/03_etc/07_productmaterial/00004087.png"
1,"Pure Platinum Crystal","https://bdocodex.com/items/new_icon/03_etc/07_productmaterial/00004259.png"
1,"Pure Powder Reagent","https://bdocodex.com/items/new_icon/03_etc/07_productmaterial/00005302.png"
1,"Pure Silver Crystal","https://bdocodex.com/items/new_icon/03_etc/07_productmaterial/00004253.png"
1,"Pure Tin Crystal","https://bdocodex.com/items/new_icon/03_etc/07_productmaterial/00004062.png"
1,"Pure Titanium Crystal","https://bdocodex.com/items/new_icon/03_etc/07_productmaterial/00004083.png"
1,"Pure Vanadium Crystal","https://bdocodex.com/items/new_icon/03_etc/07_productmaterial/00004080.png"
1,"Pure Zinc Crystal","https://bdocodex.com/items/new_icon/03_etc/07_productmaterial/00004065.png"
1,"Purified Water","https://bdocodex.com/items/new_icon/03_etc/07_productmaterial/00006656.png"
1,"Purple Mushroom","https://bdocodex.com/items/new_icon/03_etc/07_productmaterial/00005491.png"
1,"Purple Mushroom Hypha","https://bdocodex.com/items/new_icon/03_etc/07_productmaterial/00006929.png"
1,"Purple Pink Flower","https://bdocodex.com/items/new_icon/03_etc/07_productmaterial/00005523.png"
1,"Raccoon Blood","https://bdocodex.com/items/new_icon/03_etc/07_productmaterial/00006210.png"
1,"Raccoon Hide","https://bdocodex.com/items/new_icon/03_etc/07_productmaterial/00006010.png"
1,"Raccoon Meat","https://bdocodex.com/items/new_icon/03_etc/07_productmaterial/00007910.png"
1,"Rainbow Button Mushroom","https://bdocodex.com/items/new_icon/03_etc/07_productmaterial/00005515.png"
1,"Red Coral","https://bdocodex.com/items/new_icon/03_etc/07_productmaterial/00004476.png"
1,"Red Crystal","https://bdocodex.com/items/new_icon/03_etc/07_productmaterial/00004468.png"
1,"Red Sauce","https://bdocodex.com/items/new_icon/03_etc/07_productmaterial/00009004.png"
1,"Red Tree Lump","https://bdocodex.com/items/new_icon/03_etc/07_productmaterial/00005011.png"
1,"Resplendent Diamond","https://bdocodex.com/items/new_icon/03_etc/07_productmaterial/00004464.png"
1,"Resplendent Emerald","https://bdocodex.com/items/new_icon/03_etc/07_productmaterial/00004461.png"
1,"Resplendent Lapis Lazuli","https://bdocodex.com/items/new_icon/03_etc/07_productmaterial/00004491.png"
1,"Resplendent Ruby","https://bdocodex.com/items/new_icon/03_etc/07_productmaterial/00004452.png"
1,"Resplendent Sapphire","https://bdocodex.com/items/new_icon/03_etc/07_productmaterial/00004455.png"
1,"Resplendent Topaz","https://bdocodex.com/items/new_icon/03_etc/07_productmaterial/00004458.png"
1,"Rhino Blood","https://bdocodex.com/items/new_icon/03_etc/07_productmaterial/00006204.png"
1,"Rhino Hide","https://bdocodex.com/items/new_icon/03_etc/07_productmaterial/00006004.png"
1,"Rhino Meat","https://bdocodex.com/items/new_icon/03_etc/07_productmaterial/00007904.png"
1,"Rose","https://bdocodex.com/items/new_icon/03_etc/07_productmaterial/00007319.png"
1,"Rough Black Crystal","https://bdocodex.com/items/new_icon/03_etc/07_productmaterial/00004410.png"
1,"Rough Blue Crystal","https://bdocodex.com/items/new_icon/03_etc/07_productmaterial/00004411.png"
1,"Rough Diamond","https://bdocodex.com/items/new_icon/03_etc/07_productmaterial/00004405.png"
1,"Rough Emerald","https://bdocodex.com/items/new_icon/03_etc/07_productmaterial/00004404.png"
1,"Rough Green Crystal","https://bdocodex.com/items/new_icon/03_etc/07_productmaterial/00004409.png"
1,"Rough Lapis Lazuli","https://bdocodex.com/items/new_icon/03_etc/07_productmaterial/00004413.png"
1,"Rough Mud Crystal","https://bdocodex.com/items/new_icon/03_etc/07_productmaterial/00004407.png"
1,"Rough Opal","https://bdocodex.com/items/new_icon/03_etc/07_productmaterial/00004204.png"
1,"Rough Red Crystal","https://bdocodex.com/items/new_icon/03_etc/07_productmaterial/00004408.png"
1,"Rough Ruby","https://bdocodex.com/items/new_icon/03_etc/07_productmaterial/00004401.png"
1,"Rough Sapphire","https://bdocodex.com/items/new_icon/03_etc/07_productmaterial/00004402.png"
1,"Rough Stone","https://bdocodex.com/items/new_icon/03_etc/07_productmaterial/00004006.png"
1,"Rough Topaz","https://bdocodex.com/items/new_icon/03_etc/07_productmaterial/00004403.png"
1,"Rough Translucent Crystal","https://bdocodex.com/items/new_icon/03_etc/07_productmaterial/00004406.png"
1,"Rough Violet Crystal","https://bdocodex.com/items/new_icon/03_etc/07_productmaterial/00004412.png"
1,"Ruby","https://bdocodex.com/items/new_icon/03_etc/07_productmaterial/00004451.png"
1,"Saffron","https://bdocodex.com/items/new_icon/03_etc/07_productmaterial/00005529.png"
1,"Sapphire","https://bdocodex.com/items/new_icon/03_etc/07_productmaterial/00004454.png"
1,"Scorpion Blood","https://bdocodex.com/items/new_icon/03_etc/07_productmaterial/00006224.png"
1,"Scorpion Meat","https://bdocodex.com/items/new_icon/03_etc/07_productmaterial/00007924.png"
1,"Seed Potato","https://bdocodex.com/items/new_icon/03_etc/07_productmaterial/00006806.png"
1,"Seed Sweet Potato","https://bdocodex.com/items/new_icon/03_etc/07_productmaterial/00006810.png"
1,"Sheep Blood","https://bdocodex.com/items/new_icon/03_etc/07_productmaterial/00006202.png"
1,"Sheep Hide","https://bdocodex.com/items/new_icon/03_etc/07_productmaterial/00006002.png"
1,"Shelled Seed","https://bdocodex.com/items/new_icon/03_etc/07_productmaterial/00006943.png"
1,"Shining Powder","https://bdocodex.com/items/new_icon/03_etc/07_productmaterial/00009733.png"
1,"Shiny Seed","https://bdocodex.com/items/new_icon/03_etc/07_productmaterial/00006944.png"
1,"Shrimp","https://bdocodex.com/items/new_icon/03_etc/07_productmaterial/00006516.png"
1,"Silk","https://bdocodex.com/items/new_icon/03_etc/07_productmaterial/00005857.png"
1,"Silk Honey Grass","https://bdocodex.com/items/new_icon/03_etc/07_productmaterial/00005405.png"
1,"Silk Honey Grass Seed","https://bdocodex.com/items/new_icon/03_etc/07_productmaterial/00006905.png"
1,"Silk Thread","https://bdocodex.com/items/new_icon/03_etc/07_productmaterial/00005853.png"
1,"Silkworm Cocoon","https://bdocodex.com/items/new_icon/03_etc/07_productmaterial/00005803.png"
1,"Silver Azalea","https://bdocodex.com/items/new_icon/03_etc/07_productmaterial/00005402.png"
1,"Silver Azalea Seed","https://bdocodex.com/items/new_icon/03_etc/07_productmaterial/00006902.png"
1,"Silver Ingot","https://bdocodex.com/items/new_icon/03_etc/07_productmaterial/00004252.png"
1,"Silver Ore","https://bdocodex.com/items/new_icon/03_etc/07_productmaterial/00004201.png"
1,"Sinner's Blood","https://bdocodex.com/items/new_icon/03_etc/07_productmaterial/00006354.png"
1,"Sky Blue Flower","https://bdocodex.com/items/new_icon/03_etc/07_productmaterial/00005525.png"
1,"Sky Mushroom","https://bdocodex.com/items/new_icon/03_etc/07_productmaterial/00005411.png"
1,"Sky Mushroom Hypha","https://bdocodex.com/items/new_icon/03_etc/07_productmaterial/00006911.png"
1,"Small White Seed","https://bdocodex.com/items/new_icon/03_etc/07_productmaterial/00006946.png"
1,"Snake Meat","https://bdocodex.com/items/new_icon/03_etc/07_productmaterial/00007922.png"
1,"Snake Skin","https://bdocodex.com/items/new_icon/03_etc/07_productmaterial/00006019.png"
1,"Soft Ferri Feather","https://bdocodex.com/items/new_icon/03_etc/07_productmaterial/00006017.png"
1,"Soft Hide","https://bdocodex.com/items/new_icon/03_etc/07_productmaterial/00006151.png"
1,"Soft Kuku Bird Plume","https://bdocodex.com/items/new_icon/03_etc/07_productmaterial/00006017.png"
1,"Spirit's Leaf","https://bdocodex.com/items/new_icon/03_etc/07_productmaterial/00005006.png"
1,"Standardized Timber Square","https://bdocodex.com/items/new_icon/03_etc/07_productmaterial/00004685.png"
1,"Star Anise","https://bdocodex.com/items/new_icon/03_etc/07_productmaterial/00007019.png"
1,"Star Anise Mushroom","https://bdocodex.com/items/new_icon/03_etc/07_productmaterial/00005494.png"
1,"Star Anise Seed","https://bdocodex.com/items/new_icon/03_etc/07_productmaterial/00006832.png"
1,"Star Diamond","https://bdocodex.com/items/new_icon/03_etc/07_productmaterial/00004465.png"
1,"Steel","https://bdocodex.com/items/new_icon/03_etc/07_productmaterial/00004077.png"
1,"Sticky Liquid","https://bdocodex.com/items/new_icon/03_etc/04_dropitem/00044084.png"
1,"Strawberry","https://bdocodex.com/items/new_icon/03_etc/07_productmaterial/00007304.png"
1,"Strawberry Seed","https://bdocodex.com/items/new_icon/03_etc/07_productmaterial/00006704.png"
1,"Sturdy Acacia Plywood","https://bdocodex.com/items/new_icon/03_etc/07_productmaterial/00004682.png"
1,"Sturdy Ash Plywood","https://bdocodex.com/items/new_icon/03_etc/07_productmaterial/00004653.png"
1,"Sturdy Birch Plywood","https://bdocodex.com/items/new_icon/03_etc/07_productmaterial/00004662.png"
1,"Sturdy Cedar Plywood","https://bdocodex.com/items/new_icon/03_etc/07_productmaterial/00004668.png"
1,"Sturdy Elder Tree Plywood","https://bdocodex.com/items/new_icon/03_etc/07_productmaterial/00004675.png"
1,"Sturdy Fir Plywood","https://bdocodex.com/items/new_icon/03_etc/07_productmaterial/00004665.png"
1,"Sturdy Loopy Tree Plywood","https://bdocodex.com/items/new_icon/03_etc/07_productmaterial/00004699.png"
1,"Sturdy Maple Plywood","https://bdocodex.com/items/new_icon/03_etc/07_productmaterial/00004656.png"
1,"Sturdy Moss Tree Plywood","https://bdocodex.com/items/new_icon/03_etc/07_productmaterial/00004696.png"
1,"Sturdy Palm Plywood","https://bdocodex.com/items/new_icon/03_etc/07_productmaterial/00004672.png"
1,"Sturdy Pine Plywood","https://bdocodex.com/items/new_icon/03_etc/07_productmaterial/00004659.png"
1,"Sturdy Thuja Plywood","https://bdocodex.com/items/new_icon/03_etc/07_productmaterial/00004703.png"
1,"Sturdy Timber Square","https://bdocodex.com/items/new_icon/03_etc/07_productmaterial/00004686.png"
1,"Sturdy White Cedar Plywood","https://bdocodex.com/items/new_icon/03_etc/07_productmaterial/00004678.png"
1,"Sulfur","https://bdocodex.com/items/new_icon/03_etc/07_productmaterial/00004010.png"
1,"Sunflower","https://bdocodex.com/items/new_icon/03_etc/07_productmaterial/00007308.png"
1,"Sunflower Seed","https://bdocodex.com/items/new_icon/03_etc/07_productmaterial/00006802.png"
1,"Sunrise Herb","https://bdocodex.com/items/new_icon/03_etc/07_productmaterial/00005401.png"
1,"Sunrise Herb Seed","https://bdocodex.com/items/new_icon/03_etc/07_productmaterial/00006901.png"
1,"Supreme Fancy Feather","https://bdocodex.com/items/new_icon/03_etc/07_productmaterial/00006174.png"
1,"Supreme Fancy Reptile Skin","https://bdocodex.com/items/new_icon/03_etc/07_productmaterial/00006172.png"
1,"Supreme Hard Hide","https://bdocodex.com/items/new_icon/03_etc/07_productmaterial/00006169.png"
1,"Supreme Lightweight Plume","https://bdocodex.com/items/new_icon/03_etc/07_productmaterial/00006173.png"
1,"Supreme Soft Hide","https://bdocodex.com/items/new_icon/03_etc/07_productmaterial/00006167.png"
1,"Supreme Thick Fur","https://bdocodex.com/items/new_icon/03_etc/07_productmaterial/00006171.png"
1,"Supreme Thin Hide","https://bdocodex.com/items/new_icon/03_etc/07_productmaterial/00006170.png"
1,"Supreme Tough Hide","https://bdocodex.com/items/new_icon/03_etc/07_productmaterial/00006168.png"
1,"Sweet Potato","https://bdocodex.com/items/new_icon/03_etc/07_productmaterial/00007004.png"
1,"Sweet Potato Dough","https://bdocodex.com/items/new_icon/03_etc/07_productmaterial/00007204.png"
1,"Sweet Potato Flour","https://bdocodex.com/items/new_icon/03_etc/07_productmaterial/00007104.png"
1,"Teff","https://bdocodex.com/items/new_icon/03_etc/07_productmaterial/00007022.png"
1,"Teff Flour","https://bdocodex.com/items/new_icon/03_etc/07_productmaterial/00007106.png"
1,"Teff Flour Dough","https://bdocodex.com/items/new_icon/03_etc/07_productmaterial/00007206.png"
1,"Teff Seed","https://bdocodex.com/items/new_icon/03_etc/07_productmaterial/00006835.png"
1,"Thick Fur","https://bdocodex.com/items/new_icon/03_etc/07_productmaterial/00006155.png"
1,"Thin Hide","https://bdocodex.com/items/new_icon/03_etc/07_productmaterial/00006154.png"
1,"Thuja Plank","https://bdocodex.com/items/new_icon/03_etc/07_productmaterial/00004701.png"
1,"Thuja Plywood","https://bdocodex.com/items/new_icon/03_etc/07_productmaterial/00004702.png"
1,"Thuja Sap","https://bdocodex.com/items/new_icon/03_etc/07_productmaterial/00005020.png"
1,"Thuja Timber","https://bdocodex.com/items/new_icon/03_etc/07_productmaterial/00004616.png"
1,"Tiger Mushroom","https://bdocodex.com/items/new_icon/03_etc/07_productmaterial/00005412.png"
1,"Tiger Mushroom Hypha","https://bdocodex.com/items/new_icon/03_etc/07_productmaterial/00006912.png"
1,"Tin Ingot","https://bdocodex.com/items/new_icon/03_etc/07_productmaterial/00004061.png"
1,"Tin Ore","https://bdocodex.com/items/new_icon/03_etc/07_productmaterial/00004004.png"
1,"Titanium Ingot","https://bdocodex.com/items/new_icon/03_etc/07_productmaterial/00004082.png"
1,"Titanium Ore","https://bdocodex.com/items/new_icon/03_etc/07_productmaterial/00004009.png"
1,"Tomato","https://bdocodex.com/items/new_icon/03_etc/07_productmaterial/00007311.png"
1,"Tomato Seed","https://bdocodex.com/items/new_icon/03_etc/07_productmaterial/00006804.png"
1,"Topaz","https://bdocodex.com/items/new_icon/03_etc/07_productmaterial/00004457.png"
1,"Tough Flax Fabric","https://bdocodex.com/items/new_icon/03_etc/07_productmaterial/00005859.png"
1,"Tough Hide","https://bdocodex.com/items/new_icon/03_etc/07_productmaterial/00006152.png"
1,"Toxic Watermelon","https://bdocodex.com/items/new_icon/03_etc/07_productmaterial/00005487.png"
1,"Trace of Ascension","https://bdocodex.com/items/new_icon/03_etc/07_productmaterial/00005955.png"
1,"Trace of Battle","https://bdocodex.com/items/new_icon/03_etc/07_productmaterial/00005958.png"
1,"Trace of Chaos","https://bdocodex.com/items/new_icon/03_etc/07_productmaterial/00005951.png"
1,"Trace of Death","https://bdocodex.com/items/new_icon/03_etc/07_productmaterial/00005962.png"
1,"Trace of Despair","https://bdocodex.com/items/new_icon/03_etc/07_productmaterial/00005952.png"
1,"Trace of Forest","https://bdocodex.com/items/new_icon/03_etc/07_productmaterial/00005960.png"
1,"Trace of Hunting","https://bdocodex.com/items/new_icon/03_etc/07_productmaterial/00005959.png"
1,"Trace of Memory","https://bdocodex.com/items/new_icon/03_etc/07_productmaterial/00005963.png"
1,"Trace of Origin","https://bdocodex.com/items/new_icon/03_etc/07_productmaterial/00005957.png"
1,"Trace of Savagery","https://bdocodex.com/items/new_icon/03_etc/07_productmaterial/00005956.png"
1,"Trace of the Earth","https://bdocodex.com/items/new_icon/03_etc/07_productmaterial/00005954.png"
1,"Trace of Violence","https://bdocodex.com/items/new_icon/03_etc/07_productmaterial/00005961.png"
1,"Trace of Wave","https://bdocodex.com/items/new_icon/03_etc/07_productmaterial/00005953.png"
1,"Translucent Crystal","https://bdocodex.com/items/new_icon/03_etc/07_productmaterial/00004466.png"
1,"Troll Blood","https://bdocodex.com/items/new_icon/03_etc/07_productmaterial/00006220.png"
1,"Truffle Mushroom","https://bdocodex.com/items/new_icon/03_etc/07_productmaterial/00005420.png"
1,"Tulip","https://bdocodex.com/items/new_icon/03_etc/07_productmaterial/00007320.png"
1,"Twilight Red Coral","https://bdocodex.com/items/new_icon/03_etc/07_productmaterial/00004478.png"
1,"Tyrant's Blood","https://bdocodex.com/items/new_icon/03_etc/07_productmaterial/00006352.png"
1,"Usable Scantling","https://bdocodex.com/items/new_icon/03_etc/07_productmaterial/00004669.png"
1,"Vanadium Ingot","https://bdocodex.com/items/new_icon/03_etc/07_productmaterial/00004079.png"
1,"Vanadium Ore","https://bdocodex.com/items/new_icon/03_etc/07_productmaterial/00004008.png"
1,"Vedelona","https://bdocodex.com/items/new_icon/03_etc/07_productmaterial/00005522.png"
1,"Vinegar","https://bdocodex.com/items/new_icon/03_etc/07_productmaterial/00009066.png"
1,"Violet Crystal","https://bdocodex.com/items/new_icon/03_etc/07_productmaterial/00004485.png"
1,"Violet Flower","https://bdocodex.com/items/new_icon/03_etc/07_productmaterial/00005526.png"
1,"Volcanic Umbrella Mushroom","https://bdocodex.com/items/new_icon/03_etc/07_productmaterial/00005517.png"
1,"Waragon Blood","https://bdocodex.com/items/new_icon/03_etc/07_productmaterial/00006215.png"
1,"Waragon Hide","https://bdocodex.com/items/new_icon/03_etc/07_productmaterial/00006015.png"
1,"Waragon Meat","https://bdocodex.com/items/new_icon/03_etc/07_productmaterial/00007914.png"
1,"Weasel Blood","https://bdocodex.com/items/new_icon/03_etc/07_productmaterial/00006212.png"
1,"Weasel Hide","https://bdocodex.com/items/new_icon/03_etc/07_productmaterial/00006012.png"
1,"Weasel Meat","https://bdocodex.com/items/new_icon/03_etc/07_productmaterial/00007911.png"
1,"Weeds","https://bdocodex.com/items/new_icon/03_etc/07_productmaterial/00005600.png"
1,"Wheat","https://bdocodex.com/items/new_icon/03_etc/07_productmaterial/00007001.png"
1,"Wheat Dough","https://bdocodex.com/items/new_icon/03_etc/07_productmaterial/00007201.png"
1,"Wheat Flour","https://bdocodex.com/items/new_icon/03_etc/07_productmaterial/00007101.png"
1,"Wheat Seed","https://bdocodex.com/items/new_icon/03_etc/07_productmaterial/00006808.png"
1,"White Cedar Plank","https://bdocodex.com/items/new_icon/03_etc/07_productmaterial/00004676.png"
1,"White Cedar Plywood","https://bdocodex.com/items/new_icon/03_etc/07_productmaterial/00004677.png"
1,"White Cedar Sap","https://bdocodex.com/items/new_icon/03_etc/07_productmaterial/00005012.png"
1,"White Cedar Timber","https://bdocodex.com/items/new_icon/03_etc/07_productmaterial/00004608.png"
1,"White Coral","https://bdocodex.com/items/new_icon/03_etc/07_productmaterial/00006506.png"
1,"White Flower Mushroom","https://bdocodex.com/items/new_icon/03_etc/07_productmaterial/00005521.png"
1,"White Sauce","https://bdocodex.com/items/new_icon/03_etc/07_productmaterial/00009003.png"
1,"White Umbrella Mushroom","https://bdocodex.com/items/new_icon/03_etc/07_productmaterial/00005519.png"
1,"Wild Beehive","https://bdocodex.com/items/new_icon/03_etc/07_productmaterial/00007701.png"
1,"Wild Grass","https://bdocodex.com/items/new_icon/03_etc/07_productmaterial/00005439.png"
1,"Wise Man's Blood","https://bdocodex.com/items/new_icon/03_etc/07_productmaterial/00006355.png"
1,"Withered Acacia Seed","https://bdocodex.com/items/new_icon/03_etc/07_productmaterial/00007000.png"
1,"Withered Grape Seed","https://bdocodex.com/items/new_icon/03_etc/07_productmaterial/00006922.png"
1,"Withered Sunrise Herb Seed","https://bdocodex.com/items/new_icon/03_etc/07_productmaterial/00006923.png"
1,"Withered Wheat Seed","https://bdocodex.com/items/new_icon/03_etc/07_productmaterial/00006921.png"
1,"Wolf Blood","https://bdocodex.com/items/new_icon/03_etc/07_productmaterial/00006214.png"
1,"Wolf Hide","https://bdocodex.com/items/new_icon/03_etc/07_productmaterial/00006014.png"
1,"Wolf Meat","https://bdocodex.com/items/new_icon/03_etc/07_productmaterial/00007913.png"
1,"Wool","https://bdocodex.com/items/new_icon/03_etc/07_productmaterial/00005858.png"
1,"Worm Blood","https://bdocodex.com/items/new_icon/03_etc/07_productmaterial/00006209.png"
1,"Worm Hide","https://bdocodex.com/items/new_icon/03_etc/07_productmaterial/00006009.png"
1,"Worm Meat","https://bdocodex.com/items/new_icon/03_etc/07_productmaterial/00007909.png"
1,"Yak Blood","https://bdocodex.com/items/new_icon/03_etc/07_productmaterial/00006225.png"
1,"Yak Hide","https://bdocodex.com/items/new_icon/03_etc/07_productmaterial/00006027.png"
1,"Yak Meat","https://bdocodex.com/items/new_icon/03_etc/07_productmaterial/00007954.png"
1,"Yellow Flower","https://bdocodex.com/items/new_icon/03_etc/07_productmaterial/00005524.png"
1,"Zinc Ingot","https://bdocodex.com/items/new_icon/03_etc/07_productmaterial/00004064.png"
1,"Zinc Ore","https://bdocodex.com/items/new_icon/03_etc/07_productmaterial/00004005.png"