"0","1","2","3"
"https://bdocodex.com/us/item/15202/",,,
"https://bdocodex.com/us/item/15203/",,,
"https://bdocodex.com/us/item/15204/",,,
"https://bdocodex.com/us/item/15205/",,,
"https://bdocodex.com/us/item/15206/",,,
"https://bdocodex.com/us/item/15207/",,,
"https://bdocodex.com/us/item/15208/",,,
"https://bdocodex.com/us/item/15209/",,,
"https://bdocodex.com/us/item/15210/",,,
"https://bdocodex.com/us/item/15211/",,,
"https://bdocodex.com/us/item/15212/",,,
"https://bdocodex.com/us/item/15213/",,,
"https://bdocodex.com/us/item/15214/",,,
"https://bdocodex.com/us/item/15215/",,,
"https://bdocodex.com/us/item/15216/",,,
"https://bdocodex.com/us/item/15217/",,,
"https://bdocodex.com/us/item/15218/",,,
"https://bdocodex.com/us/item/15219/",,,
"https://bdocodex.com/us/item/15221/",,,
"https://bdocodex.com/us/item/15222/",,,
"https://bdocodex.com/us/item/15223/",,,
"https://bdocodex.com/us/item/15224/",,,
"https://bdocodex.com/us/item/4076/","https://bdocodex.com/us/item/4915/","https://bdocodex.com/us/item/4918/","https://bdocodex.com/us/item/16116/"
"https://bdocodex.com/us/item/4602/",,,
"https://bdocodex.com/us/item/4654/",,,
"https://bdocodex.com/us/item/4053/","https://bdocodex.com/us/item/9978/",,
"https://bdocodex.com/us/item/9422/",,,
"https://bdocodex.com/us/item/696/",,,
"https://bdocodex.com/us/item/686/",,,
"https://bdocodex.com/us/item/698/",,,
"https://bdocodex.com/us/item/672/",,,
"https://bdocodex.com/us/item/680/",,,
"https://bdocodex.com/us/item/674/",,,
"https://bdocodex.com/us/item/9267/",,,
"https://bdocodex.com/us/item/9415/",,,
"https://bdocodex.com/us/item/9263/",,,
"https://bdocodex.com/us/item/9207/",,,
"https://bdocodex.com/us/item/9811/",,,
"https://bdocodex.com/us/item/9807/",,,
"https://bdocodex.com/us/item/9837/",,,
"https://bdocodex.com/us/item/9802/",,,
"https://bdocodex.com/us/item/4003/",,,
"https://bdocodex.com/us/item/14603/",,,
"https://bdocodex.com/us/item/14605/",,,
"https://bdocodex.com/us/item/14624/",,,
"https://bdocodex.com/us/item/14503/",,,
"https://bdocodex.com/us/item/14505/",,,
"https://bdocodex.com/us/item/14524/",,,
"https://bdocodex.com/us/item/10303/",,,
"https://bdocodex.com/us/item/10305/",,,
"https://bdocodex.com/us/item/10324/",,,
"https://bdocodex.com/us/item/10503/",,,
"https://bdocodex.com/us/item/10505/",,,
"https://bdocodex.com/us/item/10524/",,,
"https://bdocodex.com/us/item/10703/",,,
"https://bdocodex.com/us/item/10724/",,,
"https://bdocodex.com/us/item/13003/",,,
"https://bdocodex.com/us/item/13024/",,,
"https://bdocodex.com/us/item/4202/",,,
"https://bdocodex.com/us/item/11807/",,,
"https://bdocodex.com/us/item/12211/",,,
"https://bdocodex.com/us/item/4902/",,,
"https://bdocodex.com/us/item/4001/",,,
"https://bdocodex.com/us/item/10006/",,,
"https://bdocodex.com/us/item/10007/",,,
"https://bdocodex.com/us/item/10012/",,,
"https://bdocodex.com/us/item/10013/",,,
"https://bdocodex.com/us/item/10014/",,,
"https://bdocodex.com/us/item/10056/",,,
"https://bdocodex.com/us/item/10057/",,,
"https://bdocodex.com/us/item/10102/",,,
"https://bdocodex.com/us/item/10103/",,,
"https://bdocodex.com/us/item/10105/",,,
"https://bdocodex.com/us/item/10124/",,,
"https://bdocodex.com/us/item/14604/",,,
"https://bdocodex.com/us/item/14504/",,,
"https://bdocodex.com/us/item/10304/",,,
"https://bdocodex.com/us/item/10406/",,,
"https://bdocodex.com/us/item/10407/",,,
"https://bdocodex.com/us/item/10412/",,,
"https://bdocodex.com/us/item/10413/",,,
"https://bdocodex.com/us/item/10414/",,,
"https://bdocodex.com/us/item/10456/",,,
"https://bdocodex.com/us/item/10457/",,,
"https://bdocodex.com/us/item/10504/",,,
"https://bdocodex.com/us/item/10606/",,,
"https://bdocodex.com/us/item/10607/",,,
"https://bdocodex.com/us/item/10612/",,,
"https://bdocodex.com/us/item/10613/",,,
"https://bdocodex.com/us/item/10614/",,,
"https://bdocodex.com/us/item/10656/",,,
"https://bdocodex.com/us/item/10657/",,,
"https://bdocodex.com/us/item/10704/",,,
"https://bdocodex.com/us/item/13206/",,,
"https://bdocodex.com/us/item/13207/",,,
"https://bdocodex.com/us/item/13212/",,,
"https://bdocodex.com/us/item/13213/",,,
"https://bdocodex.com/us/item/13214/",,,
"https://bdocodex.com/us/item/13256/",,,
"https://bdocodex.com/us/item/13257/",,,
"https://bdocodex.com/us/item/13004/",,,
"https://bdocodex.com/us/item/13306/",,,
"https://bdocodex.com/us/item/13307/",,,
"https://bdocodex.com/us/item/13312/",,,
"https://bdocodex.com/us/item/13313/",,,
"https://bdocodex.com/us/item/13314/",,,
"https://bdocodex.com/us/item/13356/",,,
"https://bdocodex.com/us/item/13357/",,,
"https://bdocodex.com/us/item/10809/",,,
"https://bdocodex.com/us/item/10810/",,,
"https://bdocodex.com/us/item/10811/",,,
"https://bdocodex.com/us/item/10812/",,,
"https://bdocodex.com/us/item/14101/",,,
"https://bdocodex.com/us/item/14102/",,,
"https://bdocodex.com/us/item/14103/",,,
"https://bdocodex.com/us/item/14104/",,,
"https://bdocodex.com/us/item/10817/",,,
"https://bdocodex.com/us/item/10818/",,,
"https://bdocodex.com/us/item/10819/",,,
"https://bdocodex.com/us/item/10820/",,,
"https://bdocodex.com/us/item/10821/",,,
"https://bdocodex.com/us/item/10822/",,,
"https://bdocodex.com/us/item/10823/",,,
"https://bdocodex.com/us/item/10824/",,,
"https://bdocodex.com/us/item/10933/",,,
"https://bdocodex.com/us/item/10934/",,,
"https://bdocodex.com/us/item/10935/",,,
"https://bdocodex.com/us/item/10936/",,,
"https://bdocodex.com/us/item/10125/",,,
"https://bdocodex.com/us/item/11356/",,,
"https://bdocodex.com/us/item/11357/",,,
"https://bdocodex.com/us/item/11362/",,,
"https://bdocodex.com/us/item/11363/",,,
"https://bdocodex.com/us/item/11364/",,,
"https://bdocodex.com/us/item/11370/",,,
"https://bdocodex.com/us/item/11371/",,,
"https://bdocodex.com/us/item/11206/",,,
"https://bdocodex.com/us/item/11207/",,,
"https://bdocodex.com/us/item/11212/",,,
"https://bdocodex.com/us/item/11213/",,,
"https://bdocodex.com/us/item/11214/",,,
"https://bdocodex.com/us/item/11220/",,,
"https://bdocodex.com/us/item/11221/",,,
"https://bdocodex.com/us/item/11303/",,,
"https://bdocodex.com/us/item/11304/",,,
"https://bdocodex.com/us/item/11305/",,,
"https://bdocodex.com/us/item/11324/",,,
"https://bdocodex.com/us/item/11325/",,,
"https://bdocodex.com/us/item/4002/",,,
"https://bdocodex.com/us/item/12007/",,,
"https://bdocodex.com/us/item/10705/",,,
"https://bdocodex.com/us/item/13005/",,,
"https://bdocodex.com/us/item/4206/",,,
"https://bdocodex.com/us/item/4011/",,,
"https://bdocodex.com/us/item/4203/",,,
"https://bdocodex.com/us/item/11810/",,,
"https://bdocodex.com/us/item/11811/",,,
"https://bdocodex.com/us/item/12008/",,,
"https://bdocodex.com/us/item/12010/",,,
"https://bdocodex.com/us/item/12011/",,,
"https://bdocodex.com/us/item/12012/",,,
"https://bdocodex.com/us/item/12207/",,,
"https://bdocodex.com/us/item/12208/",,,
"https://bdocodex.com/us/item/12212/",,,
"https://bdocodex.com/us/item/4201/",,,
"https://bdocodex.com/us/item/11601/",,,
"https://bdocodex.com/us/item/11602/",,,
"https://bdocodex.com/us/item/11603/",,,
"https://bdocodex.com/us/item/11604/",,,
"https://bdocodex.com/us/item/11605/",,,
"https://bdocodex.com/us/item/11606/",,,
"https://bdocodex.com/us/item/11801/",,,
"https://bdocodex.com/us/item/11802/",,,
"https://bdocodex.com/us/item/11803/",,,
"https://bdocodex.com/us/item/11804/",,,
"https://bdocodex.com/us/item/11805/",,,
"https://bdocodex.com/us/item/11806/",,,
"https://bdocodex.com/us/item/12001/",,,
"https://bdocodex.com/us/item/12002/",,,
"https://bdocodex.com/us/item/12003/",,,
"https://bdocodex.com/us/item/12004/",,,
"https://bdocodex.com/us/item/12005/",,,
"https://bdocodex.com/us/item/12006/",,,
"https://bdocodex.com/us/item/12201/",,,
"https://bdocodex.com/us/item/12202/",,,
"https://bdocodex.com/us/item/12203/",,,
"https://bdocodex.com/us/item/12204/",,,
"https://bdocodex.com/us/item/12205/",,,
"https://bdocodex.com/us/item/12206/",,,
"https://bdocodex.com/us/item/4004/",,,
"https://bdocodex.com/us/item/4009/",,,
"https://bdocodex.com/us/item/10325/",,,
"https://bdocodex.com/us/item/14525/",,,
"https://bdocodex.com/us/item/4008/",,,
"https://bdocodex.com/us/item/10525/",,,
"https://bdocodex.com/us/item/10725/",,,
"https://bdocodex.com/us/item/13025/",,,
"https://bdocodex.com/us/item/14625/",,,